genome_id	marker	n_copies	best_score	hit_ids	best_score_unthresholded	best_domain_score_unthresholded
GCA_000008085.1	Fluc_CrcB	0			6.0	5.2
GCA_000008085.1	CLC_F	0			5.3	5.3
GCA_000008085.1	FAcD	0			5.1	3.5
GCA_000145985.1	Fluc_CrcB	0			6.1	4.9
GCA_000145985.1	CLC_F	0			7.6	7.5
GCA_000145985.1	FAcD	0			12.2	9.4
GCA_000166095.1	Fluc_CrcB	1	136.0	ADP77519.1	136.0	135.8
GCA_000166095.1	CLC_F	0			9.0	8.3
GCA_000166095.1	FAcD	0			5.3	5.2
GCA_000200715.1	Fluc_CrcB	0			7.5	7.3
GCA_000200715.1	CLC_F	0			14.7	14.7
GCA_000200715.1	FAcD	0			68.9	65.1
GCA_000204585.1	Fluc_CrcB	1	108.7	EGG41537.1	108.7	108.6
GCA_000204585.1	CLC_F	0			9.5	13.5
GCA_000204585.1	FAcD	0			60.9	47.9
