genome_id	marker	n_copies	best_score	hit_ids
GCA_000008085.1	CLC_F_strict	0		
GCA_000145985.1	CLC_F_strict	0		
GCA_000166095.1	CLC_F_strict	0		
GCA_000200715.1	CLC_F_strict	0		
GCA_000204585.1	CLC_F_strict	0		
GCA_000224475.1	CLC_F_strict	0		
GCA_000230955.3	CLC_F_strict	0		
GCA_000246735.1	CLC_F_strict	0		
GCA_000247545.1	CLC_F_strict	0		
GCA_000270325.1	CLC_F_strict	0		
GCA_000306725.1	CLC_F_strict	0		
GCA_000309865.1	CLC_F_strict	0		
GCA_000337115.1	CLC_F_strict	0		
GCA_000350305.1	CLC_F_strict	0		
GCA_000387965.1	CLC_F_strict	0		
GCA_000402515.1	CLC_F_strict	0		
GCA_000495735.1	CLC_F_strict	0		
GCA_000496135.1	CLC_F_strict	0		
GCA_000499765.1	CLC_F_strict	0		
GCA_000508305.1	CLC_F_strict	0		
GCA_000565255.1	CLC_F_strict	0		
GCA_000690595.2	CLC_F_strict	0		
GCA_000830275.1	CLC_F_strict	0		
GCA_000830295.1	CLC_F_strict	0		
GCA_000830315.1	CLC_F_strict	0		
GCA_000965745.1	CLC_F_strict	0		
GCA_001189275.1	CLC_F_strict	0		
GCA_001412355.1	CLC_F_strict	0		
GCA_001437625.1	CLC_F_strict	0		
GCA_001443365.1	CLC_F_strict	0		
GCA_001509375.1	CLC_F_strict	0		
GCA_001515205.2	CLC_F_strict	0		
GCA_001516585.1	CLC_F_strict	0		
GCA_001552015.1	CLC_F_strict	0		
GCA_001560915.1	CLC_F_strict	0		
GCA_001563305.1	CLC_F_strict	0		
GCA_001593865.1	CLC_F_strict	0		
GCA_001593925.1	CLC_F_strict	0		
GCA_001593935.1	CLC_F_strict	0		
GCA_001714685.2	CLC_F_strict	0		
GCA_001723845.1	CLC_F_strict	0		
GCA_001742785.1	CLC_F_strict	0		
GCA_001761425.1	CLC_F_strict	0		
GCA_001766815.1	CLC_F_strict	0		
GCA_001766825.1	CLC_F_strict	0		
GCA_001775995.1	CLC_F_strict	0		
GCA_001856825.1	CLC_F_strict	0		
GCA_001871415.1	CLC_F_strict	0		
GCA_001871475.1	CLC_F_strict	0		
GCA_001871495.1	CLC_F_strict	0		
GCA_001871535.1	CLC_F_strict	0		
GCA_001871595.1	CLC_F_strict	0		
GCA_001873845.1	CLC_F_strict	0		
GCA_001914405.1	CLC_F_strict	0		
GCA_001940655.1	CLC_F_strict	0		
GCA_001940665.2	CLC_F_strict	0		
GCA_002010065.2	CLC_F_strict	0		
GCA_002010075.1	CLC_F_strict	0		
GCA_002010305.1	CLC_F_strict	0		
GCA_002011035.2	CLC_F_strict	0		
GCA_002011085.2	CLC_F_strict	0		
GCA_002011125.2	CLC_F_strict	0		
GCA_002011155.2	CLC_F_strict	0		
GCA_002011395.1	CLC_F_strict	0		
GCA_002067065.1	CLC_F_strict	0		
GCA_002067095.1	CLC_F_strict	0		
GCA_002067315.1	CLC_F_strict	1	303.7	OPY26751.1
GCA_002067365.1	CLC_F_strict	0		
GCA_002067705.1	CLC_F_strict	0		
GCA_002067755.1	CLC_F_strict	0		
GCA_002067795.1	CLC_F_strict	0		
GCA_002067865.1	CLC_F_strict	0		
GCA_002067895.1	CLC_F_strict	0		
GCA_002254415.1	CLC_F_strict	0		
GCA_002254545.1	CLC_F_strict	0		
GCA_002254595.1	CLC_F_strict	0		
GCA_002254745.1	CLC_F_strict	0		
GCA_002255025.1	CLC_F_strict	0		
GCA_002317795.1	CLC_F_strict	0		
GCA_002490245.1	CLC_F_strict	0		
GCA_002494765.1	CLC_F_strict	0		
GCA_002495235.1	CLC_F_strict	0		
GCA_002495315.1	CLC_F_strict	0		
GCA_002495465.1	CLC_F_strict	0		
GCA_002495885.1	CLC_F_strict	0		
GCA_002498125.1	CLC_F_strict	0		
GCA_002499185.1	CLC_F_strict	0		
GCA_002499405.1	CLC_F_strict	0		
GCA_002502135.1	CLC_F_strict	0		
GCA_002502685.1	CLC_F_strict	0		
GCA_002505945.1	CLC_F_strict	0		
GCA_002506535.1	CLC_F_strict	0		
GCA_002507085.1	CLC_F_strict	0		
GCA_002685855.1	CLC_F_strict	0		
GCA_002687185.1	CLC_F_strict	0		
GCA_002687795.1	CLC_F_strict	0		
GCA_002687815.1	CLC_F_strict	0		
GCA_002687825.1	CLC_F_strict	0		
GCA_002687935.1	CLC_F_strict	0		
GCA_002688315.1	CLC_F_strict	0		
GCA_002688325.1	CLC_F_strict	0		
GCA_002688355.1	CLC_F_strict	0		
GCA_002713325.1	CLC_F_strict	0		
GCA_002737445.1	CLC_F_strict	0		
GCA_002762705.1	CLC_F_strict	0		
GCA_002762785.1	CLC_F_strict	0		
GCA_002762795.1	CLC_F_strict	0		
GCA_002762865.1	CLC_F_strict	0		
GCA_002762985.1	CLC_F_strict	0		
GCA_002763115.1	CLC_F_strict	0		
GCA_002763265.1	CLC_F_strict	0		
GCA_002763335.1	CLC_F_strict	0		
GCA_002779065.1	CLC_F_strict	0		
GCA_002779075.1	CLC_F_strict	0		
GCA_002779235.1	CLC_F_strict	0		
GCA_002780285.1	CLC_F_strict	0		
GCA_002790315.1	CLC_F_strict	0		
GCA_002813105.2	CLC_F_strict	0		
GCA_002838935.1	CLC_F_strict	0		
GCA_002839605.1	CLC_F_strict	0		
GCA_002839645.1	CLC_F_strict	0		
GCA_002839675.1	CLC_F_strict	0		
GCA_002839705.1	CLC_F_strict	0		
GCA_002844335.1	CLC_F_strict	0		
GCA_002867475.1	CLC_F_strict	0		
GCA_002897955.1	CLC_F_strict	0		
GCA_002898395.1	CLC_F_strict	0		
GCA_002923215.1	CLC_F_strict	0		
GCA_003009755.1	CLC_F_strict	0		
GCA_003009795.1	CLC_F_strict	0		
GCA_003019535.1	CLC_F_strict	0		
GCA_003021085.1	CLC_F_strict	0		
GCA_003021175.1	CLC_F_strict	0		
GCA_003022865.1	CLC_F_strict	0		
GCA_003023195.1	CLC_F_strict	0		
GCA_003056285.1	CLC_F_strict	0		
GCA_003104905.1	CLC_F_strict	0		
GCA_003139855.1	CLC_F_strict	1	343.7	PLGY01000041.1_30
GCA_003144275.1	CLC_F_strict	0		
GCA_003194445.1	CLC_F_strict	0		
GCA_003230355.1	CLC_F_strict	0		
GCA_003331425.1	CLC_F_strict	0		
GCA_003344655.1	CLC_F_strict	0		
GCA_003352285.1	CLC_F_strict	0		
GCA_003491285.1	CLC_F_strict	0		
GCA_003551125.1	CLC_F_strict	0		
GCA_003551675.1	CLC_F_strict	0		
GCA_003553825.1	CLC_F_strict	0		
GCA_003553905.1	CLC_F_strict	0		
GCA_003554845.1	CLC_F_strict	0		
GCA_003555395.1	CLC_F_strict	0		
GCA_003555465.1	CLC_F_strict	0		
GCA_003558235.1	CLC_F_strict	0		
GCA_003558335.1	CLC_F_strict	0		
GCA_003561665.1	CLC_F_strict	0		
GCA_003564925.1	CLC_F_strict	0		
GCA_003569705.1	CLC_F_strict	0		
GCA_003584625.1	CLC_F_strict	0		
GCA_003599145.1	CLC_F_strict	0		
GCA_003601775.1	CLC_F_strict	0		
GCA_003648985.1	CLC_F_strict	0		
GCA_003649155.1	CLC_F_strict	0		
GCA_003649205.1	CLC_F_strict	0		
GCA_003649235.1	CLC_F_strict	0		
GCA_003649515.1	CLC_F_strict	0		
GCA_003649665.1	CLC_F_strict	0		
GCA_003649695.1	CLC_F_strict	0		
GCA_003649745.1	CLC_F_strict	0		
GCA_003649915.1	CLC_F_strict	0		
GCA_003650545.1	CLC_F_strict	0		
GCA_003650585.1	CLC_F_strict	0		
GCA_003650785.1	CLC_F_strict	0		
GCA_003650815.1	CLC_F_strict	0		
GCA_003650925.1	CLC_F_strict	0		
GCA_003660555.1	CLC_F_strict	0		
GCA_003660605.1	CLC_F_strict	0		
GCA_003660905.1	CLC_F_strict	0		
GCA_003660925.1	CLC_F_strict	0		
GCA_003660965.1	CLC_F_strict	0		
GCA_003660975.1	CLC_F_strict	0		
GCA_003661015.1	CLC_F_strict	0		
GCA_003661265.1	CLC_F_strict	0		
GCA_003661365.1	CLC_F_strict	0		
GCA_003661385.1	CLC_F_strict	0		
GCA_003661605.2	CLC_F_strict	0		
GCA_003661965.1	CLC_F_strict	0		
GCA_003662485.1	CLC_F_strict	0		
GCA_003662535.1	CLC_F_strict	0		
GCA_003662645.1	CLC_F_strict	0		
GCA_003662995.1	CLC_F_strict	0		
GCA_003663345.1	CLC_F_strict	0		
GCA_003663355.1	CLC_F_strict	0		
GCA_003663415.1	CLC_F_strict	0		
GCA_003663585.1	CLC_F_strict	0		
GCA_003694805.1	CLC_F_strict	0		
GCA_003695045.1	CLC_F_strict	0		
GCA_003695265.1	CLC_F_strict	0		
GCA_003695435.1	CLC_F_strict	0		
GCA_003695745.1	CLC_F_strict	0		
GCA_004028775.1	CLC_F_strict	0		
GCA_004193545.1	CLC_F_strict	0		
GCA_004212075.1	CLC_F_strict	0		
GCA_004212085.1	CLC_F_strict	0		
GCA_004212095.1	CLC_F_strict	0		
GCA_004347865.1	CLC_F_strict	0		
GCA_004376295.1	CLC_F_strict	0		
GCA_004377185.1	CLC_F_strict	0		
GCA_004524535.1	CLC_F_strict	0		
GCA_004525545.1	CLC_F_strict	0		
GCA_005191415.1	CLC_F_strict	0		
GCA_005191425.1	CLC_F_strict	0		
GCA_005222965.1	CLC_F_strict	0		
GCA_005223125.1	CLC_F_strict	0		
GCA_005877205.1	CLC_F_strict	0		
GCA_005878375.1	CLC_F_strict	0		
GCA_005884195.1	CLC_F_strict	0		
GCA_005888755.1	CLC_F_strict	0		
GCA_005954745.1	CLC_F_strict	0		
GCA_006954405.1	CLC_F_strict	0		
GCA_007116645.1	CLC_F_strict	0		
GCA_007117065.1	CLC_F_strict	0		
GCA_007117735.1	CLC_F_strict	0		
GCA_007118075.1	CLC_F_strict	0		
GCA_007118145.1	CLC_F_strict	0		
GCA_007118975.1	CLC_F_strict	0		
GCA_007122875.1	CLC_F_strict	0		
GCA_007123105.1	CLC_F_strict	0		
GCA_007131205.1	CLC_F_strict	0		
GCA_007280335.1	CLC_F_strict	0		
GCA_008080745.1	CLC_F_strict	0		
GCA_009377575.1	CLC_F_strict	0		
GCA_009387755.1	CLC_F_strict	0		
GCA_009392915.1	CLC_F_strict	0		
GCA_009776805.1	CLC_F_strict	0		
GCA_009777615.1	CLC_F_strict	0		
GCA_009778385.1	CLC_F_strict	0		
GCA_009781675.1	CLC_F_strict	0		
GCA_009783705.1	CLC_F_strict	0		
GCA_009786255.1	CLC_F_strict	0		
GCA_009787175.1	CLC_F_strict	0		
GCA_009840065.1	CLC_F_strict	0		
GCA_009843815.1	CLC_F_strict	0		
GCA_009889585.1	CLC_F_strict	0		
GCA_009903775.1	CLC_F_strict	0		
GCA_009903795.1	CLC_F_strict	0		
GCA_009911715.1	CLC_F_strict	0		
GCA_011040545.1	CLC_F_strict	0		
GCA_011041895.1	CLC_F_strict	0		
GCA_011045925.1	CLC_F_strict	0		
GCA_011046235.1	CLC_F_strict	0		
GCA_011048835.1	CLC_F_strict	0		
GCA_011049045.1	CLC_F_strict	0		
GCA_011049295.1	CLC_F_strict	0		
GCA_011052825.1	CLC_F_strict	0		
GCA_011055275.1	CLC_F_strict	0		
GCA_011364925.1	CLC_F_strict	0		
GCA_011364965.1	CLC_F_strict	0		
GCA_011523055.1	CLC_F_strict	0		
GCA_011605725.1	CLC_F_strict	0		
GCA_011605775.1	CLC_F_strict	0		
GCA_011620765.1	CLC_F_strict	0		
GCA_012026795.1	CLC_F_strict	0		
GCA_012026835.1	CLC_F_strict	0		
GCA_012518185.1	CLC_F_strict	0		
GCA_012719175.1	CLC_F_strict	0		
GCA_012728895.1	CLC_F_strict	0		
GCA_012729095.1	CLC_F_strict	0		
GCA_012729535.1	CLC_F_strict	0		
GCA_012838205.1	CLC_F_strict	0		
GCA_013138805.1	CLC_F_strict	0		
GCA_013139905.1	CLC_F_strict	0		
GCA_013151465.1	CLC_F_strict	0		
GCA_013152685.1	CLC_F_strict	0		
GCA_013152815.1	CLC_F_strict	0		
GCA_013152845.1	CLC_F_strict	0		
GCA_013152905.1	CLC_F_strict	0		
GCA_013153555.1	CLC_F_strict	0		
GCA_013154035.1	CLC_F_strict	0		
GCA_013178225.1	CLC_F_strict	0		
GCA_013178285.1	CLC_F_strict	0		
GCA_013202955.1	CLC_F_strict	0		
GCA_013215285.1	CLC_F_strict	0		
GCA_013306035.1	CLC_F_strict	0		
GCA_013329045.1	CLC_F_strict	0		
GCA_013329175.1	CLC_F_strict	0		
GCA_013329215.1	CLC_F_strict	0		
GCA_013329495.1	CLC_F_strict	0		
GCA_013331615.1	CLC_F_strict	0		
GCA_013331635.1	CLC_F_strict	0		
GCA_013331925.1	CLC_F_strict	0		
GCA_013331935.1	CLC_F_strict	0		
GCA_013331945.1	CLC_F_strict	0		
GCA_013331965.1	CLC_F_strict	0		
GCA_013343275.1	CLC_F_strict	0		
GCA_013360305.1	CLC_F_strict	0		
GCA_013378385.1	CLC_F_strict	0		
GCA_013388835.1	CLC_F_strict	0		
GCA_013388895.1	CLC_F_strict	0		
GCA_013390905.1	CLC_F_strict	0		
GCA_013403005.1	CLC_F_strict	0		
GCA_013415695.1	CLC_F_strict	0		
GCA_013415865.1	CLC_F_strict	0		
GCA_013425325.1	CLC_F_strict	0		
GCA_013426015.1	CLC_F_strict	0		
GCA_013791785.1	CLC_F_strict	0		
GCA_013911135.1	CLC_F_strict	0		
GCA_014075315.1	CLC_F_strict	0		
GCA_014189675.1	CLC_F_strict	0		
GCA_014189685.1	CLC_F_strict	0		
GCA_014237145.1	CLC_F_strict	0		
GCA_014240455.1	CLC_F_strict	0		
GCA_014297435.1	CLC_F_strict	0		
GCA_014361085.1	CLC_F_strict	0		
GCA_014361195.1	CLC_F_strict	0		
GCA_014361205.1	CLC_F_strict	0		
GCA_014361245.1	CLC_F_strict	0		
GCA_014361295.1	CLC_F_strict	0		
GCA_014384375.1	CLC_F_strict	0		
GCA_014384555.1	CLC_F_strict	0		
GCA_014727915.1	CLC_F_strict	0		
GCA_014728835.1	CLC_F_strict	0		
GCA_014729015.1	CLC_F_strict	0		
GCA_014729145.1	CLC_F_strict	0		
GCA_014729345.1	CLC_F_strict	0		
GCA_014729505.1	CLC_F_strict	0		
GCA_014729675.1	CLC_F_strict	0		
GCA_014729935.1	CLC_F_strict	0		
GCA_014729995.1	CLC_F_strict	0		
GCA_014730165.1	CLC_F_strict	0		
GCA_014730275.1	CLC_F_strict	0		
GCA_014859725.1	CLC_F_strict	0		
GCA_014859785.1	CLC_F_strict	0		
GCA_015062805.1	CLC_F_strict	0		
GCA_015062825.1	CLC_F_strict	0		
GCA_015063035.1	CLC_F_strict	0		
GCA_015063165.1	CLC_F_strict	0		
GCA_015063285.1	CLC_F_strict	0		
GCA_015519985.1	CLC_F_strict	0		
GCA_015520145.1	CLC_F_strict	0		
GCA_015520265.1	CLC_F_strict	0		
GCA_015520395.1	CLC_F_strict	0		
GCA_015520475.1	CLC_F_strict	0		
GCA_015520525.1	CLC_F_strict	0		
GCA_015520565.1	CLC_F_strict	0		
GCA_015520605.1	CLC_F_strict	0		
GCA_015520785.1	CLC_F_strict	0		
GCA_015521085.1	CLC_F_strict	0		
GCA_015521115.1	CLC_F_strict	0		
GCA_015521325.1	CLC_F_strict	0		
GCA_015521535.1	CLC_F_strict	0		
GCA_015521685.1	CLC_F_strict	0		
GCA_015521735.1	CLC_F_strict	0		
GCA_015521825.1	CLC_F_strict	0		
GCA_015522145.1	CLC_F_strict	0		
GCA_015522495.1	CLC_F_strict	0		
GCA_015522635.1	CLC_F_strict	0		
GCA_015522645.1	CLC_F_strict	0		
GCA_015522695.1	CLC_F_strict	0		
GCA_015522745.1	CLC_F_strict	0		
GCA_015522765.1	CLC_F_strict	0		
GCA_015522845.1	CLC_F_strict	0		
GCA_015522865.1	CLC_F_strict	0		
GCA_015523085.1	CLC_F_strict	0		
GCA_015523465.1	CLC_F_strict	0		
GCA_015523545.1	CLC_F_strict	0		
GCA_015523565.1	CLC_F_strict	0		
GCA_015523685.1	CLC_F_strict	0		
GCA_015660865.1	CLC_F_strict	0		
GCA_015660915.1	CLC_F_strict	0		
GCA_015660995.1	CLC_F_strict	0		
GCA_015661395.1	CLC_F_strict	1	342.5	JACWML010000042.1_10
GCA_015661515.1	CLC_F_strict	0		
GCA_015661555.1	CLC_F_strict	0		
GCA_015661855.1	CLC_F_strict	0		
GCA_015662355.1	CLC_F_strict	0		
GCA_016125975.1	CLC_F_strict	0		
GCA_016126025.1	CLC_F_strict	0		
GCA_016177165.1	CLC_F_strict	0		
GCA_016177615.1	CLC_F_strict	0		
GCA_016180195.1	CLC_F_strict	0		
GCA_016180275.1	CLC_F_strict	0		
GCA_016180285.1	CLC_F_strict	0		
GCA_016180755.1	CLC_F_strict	0		
GCA_016181215.1	CLC_F_strict	0		
GCA_016181275.1	CLC_F_strict	0		
GCA_016184005.1	CLC_F_strict	0		
GCA_016184145.1	CLC_F_strict	0		
GCA_016184315.1	CLC_F_strict	0		
GCA_016185435.1	CLC_F_strict	0		
GCA_016185565.1	CLC_F_strict	0		
GCA_016185625.1	CLC_F_strict	0		
GCA_016185635.1	CLC_F_strict	0		
GCA_016185705.1	CLC_F_strict	0		
GCA_016185725.1	CLC_F_strict	0		
GCA_016187415.1	CLC_F_strict	0		
GCA_016187565.1	CLC_F_strict	0		
GCA_016187745.1	CLC_F_strict	0		
GCA_016188065.1	CLC_F_strict	0		
GCA_016188115.1	CLC_F_strict	0		
GCA_016188215.1	CLC_F_strict	0		
GCA_016188265.1	CLC_F_strict	0		
GCA_016188965.1	CLC_F_strict	1	355.8	MBI2445235.1
GCA_016192905.1	CLC_F_strict	0		
GCA_016192995.1	CLC_F_strict	0		
GCA_016194335.1	CLC_F_strict	0		
GCA_016195275.1	CLC_F_strict	0		
GCA_016198165.1	CLC_F_strict	0		
GCA_016198635.1	CLC_F_strict	0		
GCA_016198685.1	CLC_F_strict	0		
GCA_016198705.1	CLC_F_strict	0		
GCA_016198755.1	CLC_F_strict	0		
GCA_016200045.1	CLC_F_strict	0		
GCA_016202795.1	CLC_F_strict	0		
GCA_016202815.1	CLC_F_strict	0		
GCA_016202865.1	CLC_F_strict	0		
GCA_016203225.1	CLC_F_strict	0		
GCA_016203305.1	CLC_F_strict	0		
GCA_016203335.1	CLC_F_strict	0		
GCA_016205145.1	CLC_F_strict	0		
GCA_016206275.1	CLC_F_strict	0		
GCA_016207165.1	CLC_F_strict	0		
GCA_016207225.1	CLC_F_strict	0		
GCA_016207465.1	CLC_F_strict	0		
GCA_016207475.1	CLC_F_strict	0		
GCA_016207515.1	CLC_F_strict	0		
GCA_016207545.1	CLC_F_strict	0		
GCA_016211165.1	CLC_F_strict	0		
GCA_016211195.1	CLC_F_strict	0		
GCA_016211215.1	CLC_F_strict	0		
GCA_016211995.1	CLC_F_strict	0		
GCA_016212375.1	CLC_F_strict	1	339.4	MBI5225792.1
GCA_016212395.1	CLC_F_strict	0		
GCA_016212465.1	CLC_F_strict	0		
GCA_016212475.1	CLC_F_strict	0		
GCA_016212785.1	CLC_F_strict	0		
GCA_016213555.1	CLC_F_strict	0		
GCA_016214025.1	CLC_F_strict	0		
GCA_016214075.1	CLC_F_strict	0		
GCA_016214785.1	CLC_F_strict	0		
GCA_016215465.1	CLC_F_strict	0		
GCA_016218635.1	CLC_F_strict	0		
GCA_016219455.1	CLC_F_strict	0		
GCA_016219465.1	CLC_F_strict	0		
GCA_016219485.1	CLC_F_strict	0		
GCA_016219795.1	CLC_F_strict	0		
GCA_016219835.1	CLC_F_strict	0		
GCA_016222945.1	CLC_F_strict	0		
GCA_016235495.1	CLC_F_strict	0		
GCA_016292335.1	CLC_F_strict	0		
GCA_016294985.1	CLC_F_strict	0		
GCA_016432305.1	CLC_F_strict	0		
GCA_016432325.1	CLC_F_strict	0		
GCA_016432545.1	CLC_F_strict	0		
GCA_016699325.1	CLC_F_strict	0		
GCA_016699555.1	CLC_F_strict	0		
GCA_016784165.1	CLC_F_strict	0		
GCA_016806715.1	CLC_F_strict	0		
GCA_016838845.1	CLC_F_strict	0		
GCA_016839265.1	CLC_F_strict	0		
GCA_016839365.1	CLC_F_strict	0		
GCA_016839805.1	CLC_F_strict	0		
GCA_016840315.1	CLC_F_strict	0		
GCA_016840405.1	CLC_F_strict	0		
GCA_016840425.1	CLC_F_strict	0		
GCA_016840465.1	CLC_F_strict	0		
GCA_016845225.1	CLC_F_strict	0		
GCA_016866895.1	CLC_F_strict	0		
GCA_016867455.1	CLC_F_strict	0		
GCA_016871995.1	CLC_F_strict	0		
GCA_016872055.1	CLC_F_strict	0		
GCA_016874675.1	CLC_F_strict	0		
GCA_016874685.1	CLC_F_strict	0		
GCA_016882195.1	CLC_F_strict	0		
GCA_016926055.1	CLC_F_strict	0		
GCA_016926295.1	CLC_F_strict	0		
GCA_016926505.1	CLC_F_strict	0		
GCA_016926735.1	CLC_F_strict	0		
GCA_016927245.1	CLC_F_strict	0		
GCA_016927425.1	CLC_F_strict	0		
GCA_016928095.1	CLC_F_strict	0		
GCA_016928115.1	CLC_F_strict	0		
GCA_016928155.1	CLC_F_strict	0		
GCA_016928835.1	CLC_F_strict	0		
GCA_016929255.1	CLC_F_strict	0		
GCA_016929855.1	CLC_F_strict	0		
GCA_016930255.1	CLC_F_strict	0		
GCA_016931175.1	CLC_F_strict	0		
GCA_016931255.1	CLC_F_strict	0		
GCA_016931955.1	CLC_F_strict	0		
GCA_016932615.1	CLC_F_strict	1	306.8	MBN2095616.1
GCA_016932735.1	CLC_F_strict	0		
GCA_016932755.1	CLC_F_strict	0		
GCA_016932875.1	CLC_F_strict	0		
GCA_016932935.1	CLC_F_strict	0		
GCA_016933055.1	CLC_F_strict	0		
GCA_016933455.1	CLC_F_strict	0		
GCA_016935095.1	CLC_F_strict	0		
GCA_016935155.1	CLC_F_strict	0		
GCA_016935175.1	CLC_F_strict	0		
GCA_016935985.1	CLC_F_strict	0		
GCA_017434555.1	CLC_F_strict	0		
GCA_017461225.1	CLC_F_strict	0		
GCA_017468935.1	CLC_F_strict	0		
GCA_017524805.1	CLC_F_strict	0		
GCA_017540825.1	CLC_F_strict	0		
GCA_017601145.1	CLC_F_strict	0		
GCA_017601245.1	CLC_F_strict	0		
GCA_017601265.1	CLC_F_strict	0		
GCA_017608025.1	CLC_F_strict	0		
GCA_017608045.1	CLC_F_strict	0		
GCA_017608235.1	CLC_F_strict	0		
GCA_017608345.1	CLC_F_strict	0		
GCA_017608385.1	CLC_F_strict	0		
GCA_017608505.1	CLC_F_strict	0		
GCA_017608625.1	CLC_F_strict	0		
GCA_017608775.1	CLC_F_strict	0		
GCA_017609105.1	CLC_F_strict	0		
GCA_017609245.1	CLC_F_strict	0		
GCA_017609385.1	CLC_F_strict	0		
GCA_017609465.1	CLC_F_strict	0		
GCA_017609605.1	CLC_F_strict	0		
GCA_017609985.1	CLC_F_strict	0		
GCA_017609995.1	CLC_F_strict	0		
GCA_017610005.1	CLC_F_strict	0		
GCA_017610205.1	CLC_F_strict	0		
GCA_017610305.1	CLC_F_strict	0		
GCA_017610325.1	CLC_F_strict	0		
GCA_017610385.1	CLC_F_strict	0		
GCA_017610545.1	CLC_F_strict	0		
GCA_017656505.1	CLC_F_strict	0		
GCA_017885655.1	CLC_F_strict	0		
GCA_017935945.1	CLC_F_strict	0		
GCA_018220935.1	CLC_F_strict	0		
GCA_018220955.1	CLC_F_strict	0		
GCA_018220985.1	CLC_F_strict	0		
GCA_018221045.1	CLC_F_strict	0		
GCA_018221105.1	CLC_F_strict	0		
GCA_018221135.1	CLC_F_strict	0		
GCA_018221205.1	CLC_F_strict	0		
GCA_018260615.1	CLC_F_strict	0		
GCA_018260755.1	CLC_F_strict	0		
GCA_018263355.1	CLC_F_strict	0		
GCA_018263395.1	CLC_F_strict	0		
GCA_018263505.1	CLC_F_strict	0		
GCA_018302085.1	CLC_F_strict	0		
GCA_018302105.1	CLC_F_strict	0		
GCA_018302125.1	CLC_F_strict	0		
GCA_018302185.1	CLC_F_strict	0		
GCA_018302225.1	CLC_F_strict	0		
GCA_018302235.1	CLC_F_strict	0		
GCA_018302335.1	CLC_F_strict	0		
GCA_018302465.1	CLC_F_strict	0		
GCA_018302505.1	CLC_F_strict	0		
GCA_018302545.1	CLC_F_strict	0		
GCA_018302705.1	CLC_F_strict	0		
GCA_018302745.1	CLC_F_strict	0		
GCA_018302765.1	CLC_F_strict	0		
GCA_018302805.1	CLC_F_strict	0		
GCA_018302815.1	CLC_F_strict	0		
GCA_018303075.1	CLC_F_strict	0		
GCA_018303105.1	CLC_F_strict	0		
GCA_018303115.1	CLC_F_strict	0		
GCA_018303225.1	CLC_F_strict	0		
GCA_018303285.1	CLC_F_strict	0		
GCA_018303315.1	CLC_F_strict	0		
GCA_018303405.1	CLC_F_strict	0		
GCA_018303425.1	CLC_F_strict	0		
GCA_018303445.1	CLC_F_strict	0		
GCA_018303545.1	CLC_F_strict	0		
GCA_018303625.1	CLC_F_strict	0		
GCA_018303725.1	CLC_F_strict	0		
GCA_018303805.1	CLC_F_strict	0		
GCA_018304425.1	CLC_F_strict	0		
GCA_018304465.1	CLC_F_strict	0		
GCA_018304505.1	CLC_F_strict	0		
GCA_018304635.1	CLC_F_strict	0		
GCA_018335335.1	CLC_F_strict	0		
GCA_018396395.1	CLC_F_strict	0		
GCA_018396405.1	CLC_F_strict	0		
GCA_018396415.1	CLC_F_strict	0		
GCA_018396535.1	CLC_F_strict	0		
GCA_018396635.1	CLC_F_strict	0		
GCA_018396695.1	CLC_F_strict	0		
GCA_018396705.1	CLC_F_strict	0		
GCA_018396725.1	CLC_F_strict	0		
GCA_018396775.1	CLC_F_strict	0		
GCA_018396815.1	CLC_F_strict	0		
GCA_018396865.1	CLC_F_strict	0		
GCA_018396915.1	CLC_F_strict	0		
GCA_018396995.1	CLC_F_strict	0		
GCA_018399355.1	CLC_F_strict	0		
GCA_018475625.1	CLC_F_strict	0		
GCA_018609855.1	CLC_F_strict	0		
GCA_018646625.1	CLC_F_strict	0		
GCA_018652045.1	CLC_F_strict	0		
GCA_018653365.1	CLC_F_strict	0		
GCA_018655015.1	CLC_F_strict	0		
GCA_018656555.1	CLC_F_strict	0		
GCA_018657065.1	CLC_F_strict	0		
GCA_018657475.1	CLC_F_strict	0		
GCA_018658955.1	CLC_F_strict	0		
GCA_018663865.1	CLC_F_strict	0		
GCA_018671245.1	CLC_F_strict	0		
GCA_018675335.1	CLC_F_strict	0		
GCA_018675975.1	CLC_F_strict	0		
GCA_018692915.1	CLC_F_strict	0		
GCA_018692925.1	CLC_F_strict	0		
GCA_018696395.1	CLC_F_strict	0		
GCA_018696595.1	CLC_F_strict	0		
GCA_018698915.1	CLC_F_strict	0		
GCA_018813685.1	CLC_F_strict	0		
GCA_018813725.1	CLC_F_strict	0		
GCA_018813975.1	CLC_F_strict	0		
GCA_018814355.1	CLC_F_strict	0		
GCA_018816705.1	CLC_F_strict	0		
GCA_018818785.1	CLC_F_strict	0		
GCA_018819065.1	CLC_F_strict	0		
GCA_018824365.1	CLC_F_strict	0		
GCA_018825425.1	CLC_F_strict	0		
GCA_018829185.1	CLC_F_strict	0		
GCA_018829335.1	CLC_F_strict	0		
GCA_018829485.1	CLC_F_strict	0		
GCA_018829845.1	CLC_F_strict	0		
GCA_018830945.1	CLC_F_strict	0		
GCA_018831025.1	CLC_F_strict	0		
GCA_018894775.1	CLC_F_strict	0		
GCA_018897155.1	CLC_F_strict	0		
GCA_018901755.1	CLC_F_strict	0		
GCA_018920245.1	CLC_F_strict	0		
GCA_018920255.1	CLC_F_strict	0		
GCA_018920305.1	CLC_F_strict	0		
GCA_018920315.1	CLC_F_strict	0		
GCA_018920345.1	CLC_F_strict	0		
GCA_018992565.1	CLC_F_strict	0		
GCA_018992685.1	CLC_F_strict	0		
GCA_019056805.1	CLC_F_strict	0		
GCA_019057635.1	CLC_F_strict	0		
GCA_019057675.1	CLC_F_strict	0		
GCA_019057815.1	CLC_F_strict	0		
GCA_019084405.1	CLC_F_strict	0		
GCA_019246625.1	CLC_F_strict	0		
GCA_019262145.1	CLC_F_strict	0		
GCA_019322375.1	CLC_F_strict	0		
GCA_019322435.1	CLC_F_strict	0		
GCA_019322475.1	CLC_F_strict	0		
GCA_019322485.1	CLC_F_strict	0		
GCA_019322545.1	CLC_F_strict	0		
GCA_019322735.1	CLC_F_strict	0		
GCA_019322805.1	CLC_F_strict	0		
GCA_019322895.1	CLC_F_strict	0		
GCA_019323235.1	CLC_F_strict	0		
GCA_019323355.1	CLC_F_strict	0		
GCA_019323495.1	CLC_F_strict	0		
GCA_019323515.1	CLC_F_strict	0		
GCA_019323525.1	CLC_F_strict	0		
GCA_019323575.1	CLC_F_strict	0		
GCA_019323665.1	CLC_F_strict	0		
GCA_019347805.1	CLC_F_strict	0		
GCA_019429005.1	CLC_F_strict	0		
GCA_019429125.1	CLC_F_strict	0		
GCA_019429385.1	CLC_F_strict	0		
GCA_019594305.1	CLC_F_strict	0		
GCA_019685555.1	CLC_F_strict	0		
GCA_019685655.1	CLC_F_strict	0		
GCA_019721035.1	CLC_F_strict	0		
GCA_019721075.1	CLC_F_strict	0		
GCA_019894715.1	CLC_F_strict	0		
GCA_020052545.1	CLC_F_strict	0		
GCA_020057295.1	CLC_F_strict	0		
GCA_020057405.1	CLC_F_strict	0		
GCA_020057445.1	CLC_F_strict	0		
GCA_020201485.1	CLC_F_strict	0		
GCA_020343615.1	CLC_F_strict	0		
GCA_020345945.1	CLC_F_strict	0		
GCA_020347705.1	CLC_F_strict	0		
GCA_020348445.1	CLC_F_strict	0		
GCA_020355125.1	CLC_F_strict	0		
GCA_020356005.1	CLC_F_strict	0		
GCA_020430425.1	CLC_F_strict	0		
GCA_020431985.1	CLC_F_strict	0		
GCA_020431995.1	CLC_F_strict	0		
GCA_020637435.1	CLC_F_strict	0		
GCA_020637495.1	CLC_F_strict	0		
GCA_020696385.1	CLC_F_strict	0		
GCA_020697715.1	CLC_F_strict	0		
GCA_020723045.1	CLC_F_strict	0		
GCA_020723065.1	CLC_F_strict	0		
GCA_020723935.1	CLC_F_strict	0		
GCA_020832925.1	CLC_F_strict	0		
GCA_020833005.1	CLC_F_strict	0		
GCA_020833055.1	CLC_F_strict	0		
GCA_020833225.1	CLC_F_strict	0		
GCA_020833255.1	CLC_F_strict	0		
GCA_020854775.1	CLC_F_strict	0		
GCA_020854815.1	CLC_F_strict	0		
GCA_020854825.1	CLC_F_strict	0		
GCA_020854925.1	CLC_F_strict	0		
GCA_021107635.1	CLC_F_strict	0		
GCA_021108185.1	CLC_F_strict	0		
GCA_021108275.1	CLC_F_strict	0		
GCA_021108405.1	CLC_F_strict	0		
GCA_021129915.1	CLC_F_strict	0		
GCA_021157845.1	CLC_F_strict	0		
GCA_021158055.1	CLC_F_strict	0		
GCA_021158105.1	CLC_F_strict	0		
GCA_021158125.1	CLC_F_strict	0		
GCA_021158265.1	CLC_F_strict	0		
GCA_021158305.1	CLC_F_strict	0		
GCA_021158375.1	CLC_F_strict	0		
GCA_021158665.1	CLC_F_strict	0		
GCA_021158895.1	CLC_F_strict	0		
GCA_021159125.1	CLC_F_strict	0		
GCA_021159325.1	CLC_F_strict	0		
GCA_021159465.1	CLC_F_strict	0		
GCA_021160575.1	CLC_F_strict	0		
GCA_021160605.1	CLC_F_strict	0		
GCA_021160765.1	CLC_F_strict	0		
GCA_021160955.1	CLC_F_strict	0		
GCA_021161045.1	CLC_F_strict	0		
GCA_021161085.1	CLC_F_strict	0		
GCA_021161255.1	CLC_F_strict	0		
GCA_021161405.1	CLC_F_strict	0		
GCA_021161465.1	CLC_F_strict	0		
GCA_021161685.1	CLC_F_strict	0		
GCA_021161745.1	CLC_F_strict	0		
GCA_021161785.1	CLC_F_strict	0		
GCA_021161825.1	CLC_F_strict	0		
GCA_021161865.1	CLC_F_strict	0		
GCA_021162065.1	CLC_F_strict	0		
GCA_021162085.1	CLC_F_strict	0		
GCA_021162185.1	CLC_F_strict	0		
GCA_021162425.1	CLC_F_strict	0		
GCA_021162485.1	CLC_F_strict	0		
GCA_021162685.1	CLC_F_strict	0		
GCA_021162815.1	CLC_F_strict	0		
GCA_021162845.1	CLC_F_strict	0		
GCA_021162855.1	CLC_F_strict	0		
GCA_021162925.1	CLC_F_strict	0		
GCA_021163005.1	CLC_F_strict	0		
GCA_021163065.1	CLC_F_strict	0		
GCA_021163145.1	CLC_F_strict	0		
GCA_021163205.1	CLC_F_strict	0		
GCA_021163225.1	CLC_F_strict	0		
GCA_021163365.1	CLC_F_strict	0		
GCA_021163455.1	CLC_F_strict	0		
GCA_021163645.1	CLC_F_strict	0		
GCA_021163805.1	CLC_F_strict	0		
GCA_021163965.1	CLC_F_strict	0		
GCA_021324115.1	CLC_F_strict	0		
GCA_021324265.1	CLC_F_strict	0		
GCA_021371995.1	CLC_F_strict	0		
GCA_021372315.1	CLC_F_strict	0		
GCA_021409285.1	CLC_F_strict	0		
GCA_021414365.1	CLC_F_strict	0		
GCA_021498095.1	CLC_F_strict	0		
GCA_021498125.1	CLC_F_strict	0		
GCA_021513695.1	CLC_F_strict	0		
GCA_021513715.1	CLC_F_strict	0		
GCA_021734105.1	CLC_F_strict	0		
GCA_021734865.1	CLC_F_strict	0		
GCA_021735165.1	CLC_F_strict	0		
GCA_021736975.1	CLC_F_strict	0		
GCA_021790425.1	CLC_F_strict	0		
GCA_021791655.1	CLC_F_strict	0		
GCA_021792255.1	CLC_F_strict	0		
GCA_021800035.1	CLC_F_strict	0		
GCA_021800365.1	CLC_F_strict	0		
GCA_021806165.1	CLC_F_strict	0		
GCA_021809545.1	CLC_F_strict	0		
GCA_021810045.1	CLC_F_strict	0		
GCA_021812145.1	CLC_F_strict	0		
GCA_021813385.1	CLC_F_strict	0		
GCA_021817565.1	CLC_F_strict	0		
GCA_021817605.1	CLC_F_strict	0		
GCA_021818905.1	CLC_F_strict	0		
GCA_021818925.1	CLC_F_strict	0		
GCA_021823945.1	CLC_F_strict	0		
GCA_022015155.1	CLC_F_strict	0		
GCA_022117465.1	CLC_F_strict	0		
GCA_022447095.1	CLC_F_strict	0		
GCA_022450565.1	CLC_F_strict	0		
GCA_022562615.1	CLC_F_strict	0		
GCA_022564515.1	CLC_F_strict	0		
GCA_022572525.1	CLC_F_strict	0		
GCA_022573895.1	CLC_F_strict	0		
GCA_022615805.1	CLC_F_strict	0		
GCA_022678445.1	CLC_F_strict	0		
GCA_022729255.1	CLC_F_strict	0		
GCA_022729315.1	CLC_F_strict	0		
GCA_022729335.1	CLC_F_strict	0		
GCA_022749935.1	CLC_F_strict	0		
GCA_022759365.1	CLC_F_strict	0		
GCA_022775905.1	CLC_F_strict	0		
GCA_022848825.1	CLC_F_strict	0		
GCA_022848835.1	CLC_F_strict	0		
GCA_022848865.1	CLC_F_strict	0		
GCA_022865215.1	CLC_F_strict	0		
GCA_022865315.1	CLC_F_strict	0		
GCA_022865455.1	CLC_F_strict	0		
GCA_023128135.1	CLC_F_strict	0		
GCA_023128965.1	CLC_F_strict	0		
GCA_023129115.1	CLC_F_strict	0		
GCA_023131225.1	CLC_F_strict	0		
GCA_023131705.1	CLC_F_strict	0		
GCA_023133195.1	CLC_F_strict	0		
GCA_023133595.1	CLC_F_strict	0		
GCA_023136265.1	CLC_F_strict	0		
GCA_023137195.1	CLC_F_strict	0		
GCA_023137655.1	CLC_F_strict	0		
GCA_023140175.1	CLC_F_strict	0		
GCA_023140195.1	CLC_F_strict	0		
GCA_023144115.1	CLC_F_strict	0		
GCA_023246445.1	CLC_F_strict	0		
GCA_023246885.1	CLC_F_strict	0		
GCA_023247085.1	CLC_F_strict	0		
GCA_023252215.1	CLC_F_strict	0		
GCA_023255615.1	CLC_F_strict	0		
GCA_023256295.1	CLC_F_strict	0		
GCA_023261755.1	CLC_F_strict	0		
GCA_023261845.1	CLC_F_strict	0		
GCA_023264635.1	CLC_F_strict	0		
GCA_023265395.1	CLC_F_strict	0		
GCA_023266675.1	CLC_F_strict	0		
GCA_023266955.1	CLC_F_strict	0		
GCA_023267855.1	CLC_F_strict	0		
GCA_023269235.1	CLC_F_strict	0		
GCA_023379385.1	CLC_F_strict	0		
GCA_023379805.1	CLC_F_strict	0		
GCA_023473665.1	CLC_F_strict	0		
GCA_023474775.1	CLC_F_strict	0		
GCA_023485295.1	CLC_F_strict	0		
GCA_023487205.1	CLC_F_strict	0		
GCA_023539445.1	CLC_F_strict	0		
GCA_023539495.1	CLC_F_strict	0		
GCA_023544605.1	CLC_F_strict	0		
GCA_023659865.1	CLC_F_strict	0		
GCA_023898345.1	CLC_F_strict	0		
GCA_023898365.1	CLC_F_strict	0		
GCA_024256165.1	CLC_F_strict	0		
GCA_024274695.1	CLC_F_strict	0		
GCA_024274875.1	CLC_F_strict	0		
GCA_024275655.1	CLC_F_strict	0		
GCA_024275665.1	CLC_F_strict	0		
GCA_024276795.1	CLC_F_strict	0		
GCA_024276825.1	CLC_F_strict	0		
GCA_024277205.1	CLC_F_strict	0		
GCA_024277315.1	CLC_F_strict	0		
GCA_024277355.1	CLC_F_strict	0		
GCA_024281315.1	CLC_F_strict	0		
GCA_024399155.1	CLC_F_strict	0		
GCA_024518585.1	CLC_F_strict	0		
GCA_024653905.1	CLC_F_strict	0		
GCA_024707015.1	CLC_F_strict	0		
GCA_024720975.1	CLC_F_strict	0		
GCA_024860865.1	CLC_F_strict	0		
GCA_025054855.1	CLC_F_strict	0		
GCA_025058425.1	CLC_F_strict	0		
GCA_025058515.1	CLC_F_strict	0		
GCA_025058595.1	CLC_F_strict	0		
GCA_025058735.1	CLC_F_strict	0		
GCA_025059045.1	CLC_F_strict	0		
GCA_025059205.1	CLC_F_strict	0		
GCA_025059375.1	CLC_F_strict	0		
GCA_025061095.1	CLC_F_strict	0		
GCA_025340205.1	CLC_F_strict	0		
GCA_025517425.1	CLC_F_strict	0		
GCA_025517465.1	CLC_F_strict	0		
GCA_025699025.1	CLC_F_strict	0		
GCA_025920425.1	CLC_F_strict	0		
GCA_026014465.1	CLC_F_strict	0		
GCA_026014485.1	CLC_F_strict	0		
GCA_026014545.1	CLC_F_strict	0		
GCA_026014565.1	CLC_F_strict	0		
GCA_026014585.1	CLC_F_strict	0		
GCA_026014685.1	CLC_F_strict	0		
GCA_026014705.1	CLC_F_strict	0		
GCA_026014725.1	CLC_F_strict	0		
GCA_026014735.1	CLC_F_strict	0		
GCA_026014745.1	CLC_F_strict	0		
GCA_026014805.1	CLC_F_strict	0		
GCA_026014875.1	CLC_F_strict	0		
GCA_026015185.1	CLC_F_strict	0		
GCA_026016205.1	CLC_F_strict	0		
GCA_026016245.1	CLC_F_strict	0		
GCA_026058435.1	CLC_F_strict	0		
GCA_026127925.1	CLC_F_strict	0		
GCA_026127935.1	CLC_F_strict	0		
GCA_026134025.1	CLC_F_strict	0		
GCA_026394315.1	CLC_F_strict	0		
GCA_026394375.1	CLC_F_strict	0		
GCA_026394395.1	CLC_F_strict	0		
GCA_026394555.1	CLC_F_strict	0		
GCA_026394715.1	CLC_F_strict	0		
GCA_026394965.1	CLC_F_strict	0		
GCA_026394995.1	CLC_F_strict	0		
GCA_026396285.1	CLC_F_strict	0		
GCA_026396385.1	CLC_F_strict	0		
GCA_026396425.1	CLC_F_strict	0		
GCA_026397315.1	CLC_F_strict	0		
GCA_026397335.1	CLC_F_strict	0		
GCA_026413605.1	CLC_F_strict	0		
GCA_026413765.1	CLC_F_strict	0		
GCA_026414225.1	CLC_F_strict	0		
GCA_026414265.1	CLC_F_strict	0		
GCA_026414305.1	CLC_F_strict	0		
GCA_026414365.1	CLC_F_strict	0		
GCA_026419855.1	CLC_F_strict	0		
GCA_026552955.1	CLC_F_strict	0		
GCA_026625165.1	CLC_F_strict	0		
GCA_026626905.1	CLC_F_strict	0		
GCA_026708305.1	CLC_F_strict	0		
GCA_026712925.1	CLC_F_strict	0		
GCA_026985775.1	CLC_F_strict	0		
GCA_026986305.1	CLC_F_strict	0		
GCA_026986575.1	CLC_F_strict	0		
GCA_026989875.1	CLC_F_strict	0		
GCA_026993785.1	CLC_F_strict	0		
GCA_026993975.1	CLC_F_strict	0		
GCA_026997215.1	CLC_F_strict	0		
GCA_027002875.1	CLC_F_strict	0		
GCA_027006785.1	CLC_F_strict	0		
GCA_027007025.1	CLC_F_strict	0		
GCA_027011045.1	CLC_F_strict	0		
GCA_027016915.1	CLC_F_strict	0		
GCA_027017165.1	CLC_F_strict	0		
GCA_027021185.1	CLC_F_strict	0		
GCA_027030065.1	CLC_F_strict	0		
GCA_027038505.1	CLC_F_strict	0		
GCA_027038805.1	CLC_F_strict	0		
GCA_027046625.1	CLC_F_strict	0		
GCA_027051165.1	CLC_F_strict	0		
GCA_027051265.1	CLC_F_strict	0		
GCA_027058345.1	CLC_F_strict	0		
GCA_027061945.1	CLC_F_strict	0		
GCA_027064225.1	CLC_F_strict	0		
GCA_027064425.1	CLC_F_strict	0		
GCA_027068385.1	CLC_F_strict	0		
GCA_027076285.1	CLC_F_strict	0		
GCA_027077325.1	CLC_F_strict	0		
GCA_027077895.1	CLC_F_strict	0		
GCA_027078545.1	CLC_F_strict	0		
GCA_027083135.1	CLC_F_strict	0		
GCA_027297425.1	CLC_F_strict	0		
GCA_027310605.1	CLC_F_strict	0		
GCA_027460465.1	CLC_F_strict	0		
GCA_027460525.1	CLC_F_strict	0		
GCA_027460535.1	CLC_F_strict	0		
GCA_027491455.1	CLC_F_strict	0		
GCA_027491845.1	CLC_F_strict	0		
GCA_027491935.1	CLC_F_strict	0		
GCA_027492035.1	CLC_F_strict	0		
GCA_027619455.1	CLC_F_strict	0		
GCA_027858315.1	CLC_F_strict	0		
GCA_027887005.1	CLC_F_strict	0		
GCA_028275385.1	CLC_F_strict	0		
GCA_028279585.1	CLC_F_strict	0		
GCA_028279595.1	CLC_F_strict	0		
GCA_028279645.1	CLC_F_strict	0		
GCA_028279685.1	CLC_F_strict	0		
GCA_028279705.1	CLC_F_strict	0		
GCA_028279725.1	CLC_F_strict	0		
GCA_028279745.1	CLC_F_strict	0		
GCA_028279755.1	CLC_F_strict	0		
GCA_028279805.1	CLC_F_strict	0		
GCA_028279825.1	CLC_F_strict	0		
GCA_028343855.1	CLC_F_strict	0		
GCA_028679185.1	CLC_F_strict	0		
GCA_028690255.1	CLC_F_strict	0		
GCA_028691435.1	CLC_F_strict	0		
GCA_028691765.1	CLC_F_strict	0		
GCA_028693395.1	CLC_F_strict	0		
GCA_028700115.1	CLC_F_strict	0		
GCA_028703755.1	CLC_F_strict	0		
GCA_028706745.1	CLC_F_strict	0		
GCA_028710695.1	CLC_F_strict	0		
GCA_028713935.1	CLC_F_strict	0		
GCA_028714095.1	CLC_F_strict	0		
GCA_028714375.1	CLC_F_strict	0		
GCA_028715295.1	CLC_F_strict	0		
GCA_028715885.1	CLC_F_strict	0		
GCA_028715985.1	CLC_F_strict	0		
GCA_028716125.1	CLC_F_strict	0		
GCA_028716945.1	CLC_F_strict	0		
GCA_028717345.1	CLC_F_strict	0		
GCA_028866575.1	CLC_F_strict	0		
GCA_028866895.1	CLC_F_strict	0		
GCA_028866995.1	CLC_F_strict	0		
GCA_028867025.1	CLC_F_strict	0		
GCA_028867275.1	CLC_F_strict	0		
GCA_028867595.1	CLC_F_strict	0		
GCA_028867675.1	CLC_F_strict	0		
GCA_028867755.1	CLC_F_strict	0		
GCA_028867785.1	CLC_F_strict	0		
GCA_029219465.1	CLC_F_strict	0		
GCA_029258735.1	CLC_F_strict	0		
GCA_029258755.1	CLC_F_strict	0		
GCA_029258795.1	CLC_F_strict	0		
GCA_029258825.1	CLC_F_strict	0		
GCA_029258885.1	CLC_F_strict	0		
GCA_029258915.1	CLC_F_strict	0		
GCA_029258925.1	CLC_F_strict	0		
GCA_029259155.1	CLC_F_strict	0		
GCA_029259185.1	CLC_F_strict	0		
GCA_029259285.1	CLC_F_strict	0		
GCA_029259355.1	CLC_F_strict	0		
GCA_029259535.1	CLC_F_strict	0		
GCA_029259545.1	CLC_F_strict	0		
GCA_029335875.2	CLC_F_strict	0		
GCA_029460375.1	CLC_F_strict	0		
GCA_029547605.1	CLC_F_strict	0		
GCA_029637525.1	CLC_F_strict	0		
GCA_029688825.1	CLC_F_strict	0		
GCA_029762535.1	CLC_F_strict	0		
GCA_029762595.1	CLC_F_strict	0		
GCA_029762625.1	CLC_F_strict	0		
GCA_029775855.1	CLC_F_strict	0		
GCA_029775915.1	CLC_F_strict	0		
GCA_029775925.1	CLC_F_strict	0		
GCA_029775955.1	CLC_F_strict	0		
GCA_029775965.1	CLC_F_strict	0		
GCA_029775995.1	CLC_F_strict	0		
GCA_029776065.1	CLC_F_strict	0		
GCA_029785825.1	CLC_F_strict	0		
GCA_029850515.1	CLC_F_strict	0		
GCA_029856045.1	CLC_F_strict	0		
GCA_029856055.1	CLC_F_strict	0		
GCA_029856525.1	CLC_F_strict	0		
GCA_029856615.1	CLC_F_strict	0		
GCA_029856635.1	CLC_F_strict	0		
GCA_029856685.1	CLC_F_strict	0		
GCA_029858465.1	CLC_F_strict	0		
GCA_029861345.1	CLC_F_strict	0		
GCA_029862745.1	CLC_F_strict	0		
GCA_029863275.1	CLC_F_strict	0		
GCA_029864235.1	CLC_F_strict	0		
GCA_029864335.1	CLC_F_strict	0		
GCA_029881195.1	CLC_F_strict	0		
GCA_029881805.1	CLC_F_strict	0		
GCA_029882335.1	CLC_F_strict	0		
GCA_029882535.1	CLC_F_strict	0		
GCA_029887765.1	CLC_F_strict	0		
GCA_029887785.1	CLC_F_strict	0		
GCA_029907305.1	CLC_F_strict	0		
GCA_029907465.1	CLC_F_strict	0		
GCA_029907545.1	CLC_F_strict	0		
GCA_029907705.1	CLC_F_strict	0		
GCA_029907715.1	CLC_F_strict	0		
GCA_029907755.1	CLC_F_strict	0		
GCA_029932465.1	CLC_F_strict	0		
GCA_029932645.1	CLC_F_strict	0		
GCA_029932835.1	CLC_F_strict	0		
GCA_029934005.1	CLC_F_strict	0		
GCA_029940695.1	CLC_F_strict	0		
GCA_029941175.1	CLC_F_strict	0		
GCA_029948415.1	CLC_F_strict	0		
GCA_029982165.1	CLC_F_strict	0		
GCA_030017655.1	CLC_F_strict	0		
GCA_030018435.1	CLC_F_strict	0		
GCA_030018475.1	CLC_F_strict	0		
GCA_030019205.1	CLC_F_strict	0		
GCA_030019335.1	CLC_F_strict	0		
GCA_030019395.1	CLC_F_strict	0		
GCA_030019435.1	CLC_F_strict	0		
GCA_030019485.1	CLC_F_strict	0		
GCA_030036955.1	CLC_F_strict	0		
GCA_030041355.1	CLC_F_strict	0		
GCA_030054735.1	CLC_F_strict	0		
GCA_030055515.1	CLC_F_strict	0		
GCA_030055525.1	CLC_F_strict	0		
GCA_030055595.1	CLC_F_strict	0		
GCA_030055615.1	CLC_F_strict	0		
GCA_030130125.1	CLC_F_strict	0		
GCA_030149205.1	CLC_F_strict	0		
GCA_030153385.1	CLC_F_strict	0		
GCA_030154025.1	CLC_F_strict	0		
GCA_030154045.1	CLC_F_strict	0		
GCA_030156615.1	CLC_F_strict	0		
GCA_030156945.1	CLC_F_strict	0		
GCA_030168575.1	CLC_F_strict	0		
GCA_030168595.1	CLC_F_strict	0		
GCA_030372945.1	CLC_F_strict	0		
GCA_030445725.1	CLC_F_strict	0		
GCA_030452275.1	CLC_F_strict	0		
GCA_030550585.1	CLC_F_strict	0		
GCA_030587585.2	CLC_F_strict	0		
GCA_030590165.1	CLC_F_strict	0		
GCA_030590605.1	CLC_F_strict	0		
GCA_030593295.1	CLC_F_strict	0		
GCA_030594205.1	CLC_F_strict	0		
GCA_030594725.1	CLC_F_strict	0		
GCA_030594795.1	CLC_F_strict	0		
GCA_030595715.1	CLC_F_strict	0		
GCA_030595765.1	CLC_F_strict	0		
GCA_030597775.1	CLC_F_strict	0		
GCA_030601715.1	CLC_F_strict	0		
GCA_030602675.1	CLC_F_strict	0		
GCA_030602965.1	CLC_F_strict	0		
GCA_030603445.1	CLC_F_strict	0		
GCA_030604065.1	CLC_F_strict	0		
GCA_030604085.1	CLC_F_strict	0		
GCA_030605245.1	CLC_F_strict	0		
GCA_030605385.1	CLC_F_strict	0		
GCA_030605805.1	CLC_F_strict	0		
GCA_030606485.1	CLC_F_strict	0		
GCA_030606525.1	CLC_F_strict	0		
GCA_030608565.1	CLC_F_strict	0		
GCA_030610945.1	CLC_F_strict	0		
GCA_030611045.1	CLC_F_strict	0		
GCA_030613185.1	CLC_F_strict	0		
GCA_030614005.1	CLC_F_strict	0		
GCA_030615175.1	CLC_F_strict	0		
GCA_030619735.1	CLC_F_strict	0		
GCA_030622515.1	CLC_F_strict	0		
GCA_030629105.1	CLC_F_strict	0		
GCA_030630685.1	CLC_F_strict	0		
GCA_030631505.1	CLC_F_strict	0		
GCA_030633635.1	CLC_F_strict	0		
GCA_030638685.1	CLC_F_strict	0		
GCA_030640025.1	CLC_F_strict	0		
GCA_030642125.1	CLC_F_strict	0		
GCA_030646255.1	CLC_F_strict	0		
GCA_030649345.1	CLC_F_strict	0		
GCA_030649735.1	CLC_F_strict	0		
GCA_030650845.1	CLC_F_strict	0		
GCA_030651135.1	CLC_F_strict	0		
GCA_030651375.1	CLC_F_strict	0		
GCA_030651515.1	CLC_F_strict	0		
GCA_030651815.1	CLC_F_strict	0		
GCA_030656015.1	CLC_F_strict	0		
GCA_030669205.1	CLC_F_strict	0		
GCA_030670545.1	CLC_F_strict	0		
GCA_030672365.1	CLC_F_strict	0		
GCA_030673205.1	CLC_F_strict	0		
GCA_030681145.1	CLC_F_strict	0		
GCA_030688545.1	CLC_F_strict	0		
GCA_030690755.1	CLC_F_strict	0		
GCA_030691925.1	CLC_F_strict	0		
GCA_030694985.1	CLC_F_strict	0		
GCA_030697505.1	CLC_F_strict	0		
GCA_030697615.1	CLC_F_strict	0		
GCA_030700155.1	CLC_F_strict	0		
GCA_030704845.1	CLC_F_strict	0		
GCA_030739585.1	CLC_F_strict	0		
GCA_030740765.1	CLC_F_strict	0		
GCA_030745655.1	CLC_F_strict	0		
GCA_030748895.1	CLC_F_strict	0		
GCA_030750765.1	CLC_F_strict	0		
GCA_030753365.1	CLC_F_strict	0		
GCA_030754655.1	CLC_F_strict	0		
GCA_030756715.1	CLC_F_strict	0		
GCA_030837285.1	CLC_F_strict	0		
GCA_031200235.1	CLC_F_strict	0		
GCA_031267895.1	CLC_F_strict	0		
GCA_031274765.1	CLC_F_strict	0		
GCA_031316115.1	CLC_F_strict	0		
GCA_031961865.1	CLC_F_strict	0		
GCA_032249235.1	CLC_F_strict	0		
GCA_032249315.1	CLC_F_strict	0		
GCA_032598985.1	CLC_F_strict	0		
GCA_032834875.1	CLC_F_strict	0		
GCA_032906765.1	CLC_F_strict	0		
GCA_033471095.1	CLC_F_strict	0		
GCA_033485155.1	CLC_F_strict	0		
GCA_033549165.1	CLC_F_strict	0		
GCA_034008115.1	CLC_F_strict	0		
GCA_034189535.1	CLC_F_strict	0		
GCA_034190145.1	CLC_F_strict	0		
GCA_034190245.1	CLC_F_strict	0		
GCA_034190325.1	CLC_F_strict	0		
GCA_034190395.1	CLC_F_strict	0		
GCA_034190465.1	CLC_F_strict	0		
GCA_034190545.1	CLC_F_strict	0		
GCA_034190585.1	CLC_F_strict	0		
GCA_034522195.1	CLC_F_strict	0		
GCA_034659615.1	CLC_F_strict	0		
GCA_034659935.1	CLC_F_strict	0		
GCA_034659995.1	CLC_F_strict	0		
GCA_034660355.1	CLC_F_strict	0		
GCA_034660695.1	CLC_F_strict	0		
GCA_034660895.1	CLC_F_strict	0		
GCA_034667685.1	CLC_F_strict	0		
GCA_034718475.1	CLC_F_strict	0		
GCA_034722435.1	CLC_F_strict	0		
GCA_034723595.1	CLC_F_strict	0		
GCA_034928305.1	CLC_F_strict	0		
GCA_035161305.1	CLC_F_strict	0		
GCA_035175045.1	CLC_F_strict	0		
GCA_035250685.1	CLC_F_strict	0		
GCA_035252175.1	CLC_F_strict	0		
GCA_035252645.1	CLC_F_strict	0		
GCA_035253045.1	CLC_F_strict	0		
GCA_035253345.1	CLC_F_strict	0		
GCA_035269625.1	CLC_F_strict	0		
GCA_035271165.1	CLC_F_strict	0		
GCA_035276505.1	CLC_F_strict	0		
GCA_035279165.1	CLC_F_strict	0		
GCA_035283065.1	CLC_F_strict	0		
GCA_035283165.1	CLC_F_strict	0		
GCA_035283685.1	CLC_F_strict	0		
GCA_035288505.1	CLC_F_strict	0		
GCA_035288565.1	CLC_F_strict	0		
GCA_035288725.1	CLC_F_strict	0		
GCA_035288785.1	CLC_F_strict	0		
GCA_035289005.1	CLC_F_strict	0		
GCA_035289105.1	CLC_F_strict	0		
GCA_035289205.1	CLC_F_strict	0		
GCA_035289325.1	CLC_F_strict	0		
GCA_035289425.1	CLC_F_strict	0		
GCA_035289625.1	CLC_F_strict	0		
GCA_035289665.1	CLC_F_strict	0		
GCA_035289865.1	CLC_F_strict	0		
GCA_035289885.1	CLC_F_strict	0		
GCA_035289925.1	CLC_F_strict	0		
GCA_035290025.1	CLC_F_strict	0		
GCA_035290505.1	CLC_F_strict	0		
GCA_035290625.1	CLC_F_strict	0		
GCA_035290825.1	CLC_F_strict	0		
GCA_035291025.1	CLC_F_strict	0		
GCA_035291125.1	CLC_F_strict	0		
GCA_035291205.1	CLC_F_strict	0		
GCA_035291225.1	CLC_F_strict	0		
GCA_035292785.1	CLC_F_strict	0		
GCA_035297365.1	CLC_F_strict	0		
GCA_035297385.1	CLC_F_strict	0		
GCA_035299465.1	CLC_F_strict	0		
GCA_035362715.1	CLC_F_strict	0		
GCA_035363095.1	CLC_F_strict	0		
GCA_035455105.1	CLC_F_strict	0		
GCA_035455245.1	CLC_F_strict	0		
GCA_035506675.1	CLC_F_strict	0		
GCA_035527755.1	CLC_F_strict	0		
GCA_035527875.1	CLC_F_strict	0		
GCA_035528475.1	CLC_F_strict	0		
GCA_035528495.1	CLC_F_strict	0		
GCA_035529155.1	CLC_F_strict	0		
GCA_035531115.1	CLC_F_strict	0		
GCA_035532555.1	CLC_F_strict	0		
GCA_035540375.1	CLC_F_strict	0		
GCA_035541015.1	CLC_F_strict	0		
GCA_035543455.1	CLC_F_strict	0		
GCA_035561295.1	CLC_F_strict	0		
GCA_035562195.1	CLC_F_strict	0		
GCA_035620615.1	CLC_F_strict	0		
GCA_035620895.1	CLC_F_strict	0		
GCA_035622275.1	CLC_F_strict	0		
GCA_035622335.1	CLC_F_strict	0		
GCA_035626895.1	CLC_F_strict	0		
GCA_035631875.1	CLC_F_strict	0		
GCA_035632695.1	CLC_F_strict	0		
GCA_035636595.1	CLC_F_strict	0		
GCA_035639375.1	CLC_F_strict	0		
GCA_035642715.1	CLC_F_strict	0		
GCA_035643435.1	CLC_F_strict	0		
GCA_035643635.1	CLC_F_strict	0		
GCA_035656275.1	CLC_F_strict	0		
GCA_035685445.1	CLC_F_strict	0		
GCA_035685565.1	CLC_F_strict	0		
GCA_035691865.1	CLC_F_strict	0		
GCA_035703205.1	CLC_F_strict	0		
GCA_035706205.1	CLC_F_strict	0		
GCA_035935115.1	CLC_F_strict	0		
GCA_035935655.1	CLC_F_strict	0		
GCA_036003985.1	CLC_F_strict	0		
GCA_036004805.1	CLC_F_strict	0		
GCA_036171435.1	CLC_F_strict	0		
GCA_036280615.1	CLC_F_strict	0		
GCA_036380115.1	CLC_F_strict	0		
GCA_036395115.1	CLC_F_strict	0		
GCA_036396715.1	CLC_F_strict	0		
GCA_036443875.1	CLC_F_strict	0		
GCA_036444275.1	CLC_F_strict	0		
GCA_036444795.1	CLC_F_strict	0		
GCA_036446635.1	CLC_F_strict	0		
GCA_036446855.1	CLC_F_strict	0		
GCA_036475875.1	CLC_F_strict	0		
GCA_036482035.1	CLC_F_strict	0		
GCA_036504055.1	CLC_F_strict	0		
GCA_036518375.1	CLC_F_strict	0		
GCA_036520175.1	CLC_F_strict	0		
GCA_036521355.1	CLC_F_strict	0		
GCA_036522495.1	CLC_F_strict	0		
GCA_036525555.1	CLC_F_strict	0		
GCA_036557405.1	CLC_F_strict	0		
GCA_036558405.1	CLC_F_strict	0		
GCA_036560565.1	CLC_F_strict	0		
GCA_036567605.1	CLC_F_strict	0		
GCA_036625905.1	CLC_F_strict	0		
GCA_036626315.1	CLC_F_strict	0		
GCA_036677555.1	CLC_F_strict	0		
GCA_036733165.1	CLC_F_strict	0		
GCA_036795795.1	CLC_F_strict	0		
GCA_036826255.1	CLC_F_strict	0		
GCA_037128175.1	CLC_F_strict	0		
GCA_037389275.1	CLC_F_strict	0		
GCA_037439845.1	CLC_F_strict	0		
GCA_037440825.1	CLC_F_strict	0		
GCA_037441475.1	CLC_F_strict	0		
GCA_037442405.1	CLC_F_strict	0		
GCA_037442745.1	CLC_F_strict	0		
GCA_037442865.1	CLC_F_strict	1	292.3	JBBIPM010000007.1_8
GCA_037442905.1	CLC_F_strict	0		
GCA_037443105.1	CLC_F_strict	0		
GCA_037444485.1	CLC_F_strict	0		
GCA_037444945.1	CLC_F_strict	0		
GCA_037478935.1	CLC_F_strict	0		
GCA_037481775.1	CLC_F_strict	0		
GCA_037917635.1	CLC_F_strict	0		
GCA_037917675.1	CLC_F_strict	0		
GCA_037917685.1	CLC_F_strict	0		
GCA_038045085.1	CLC_F_strict	0		
GCA_038045965.1	CLC_F_strict	0		
GCA_038046005.1	CLC_F_strict	0		
GCA_038046265.1	CLC_F_strict	0		
GCA_038046345.1	CLC_F_strict	0		
GCA_038046405.1	CLC_F_strict	0		
GCA_038046425.1	CLC_F_strict	0		
GCA_038046545.1	CLC_F_strict	0		
GCA_038046585.1	CLC_F_strict	0		
GCA_038046645.1	CLC_F_strict	0		
GCA_038046745.1	CLC_F_strict	0		
GCA_038046785.1	CLC_F_strict	0		
GCA_038128845.1	CLC_F_strict	0		
GCA_038727515.1	CLC_F_strict	0		
GCA_038727705.1	CLC_F_strict	0		
GCA_038728085.1	CLC_F_strict	0		
GCA_038728585.1	CLC_F_strict	0		
GCA_038729425.1	CLC_F_strict	0		
GCA_038729465.1	CLC_F_strict	0		
GCA_038731605.1	CLC_F_strict	0		
GCA_038731975.1	CLC_F_strict	0		
GCA_038733315.1	CLC_F_strict	0		
GCA_038734275.1	CLC_F_strict	0		
GCA_038734945.1	CLC_F_strict	0		
GCA_038735125.1	CLC_F_strict	0		
GCA_038736355.1	CLC_F_strict	0		
GCA_038736665.1	CLC_F_strict	0		
GCA_038736825.1	CLC_F_strict	0		
GCA_038740145.1	CLC_F_strict	0		
GCA_038740345.1	CLC_F_strict	0		
GCA_038741495.1	CLC_F_strict	0		
GCA_038817485.1	CLC_F_strict	0		
GCA_038817835.1	CLC_F_strict	0		
GCA_038821645.1	CLC_F_strict	0		
GCA_038823825.1	CLC_F_strict	0		
GCA_038824035.1	CLC_F_strict	0		
GCA_038825355.1	CLC_F_strict	0		
GCA_038825775.1	CLC_F_strict	0		
GCA_038825875.1	CLC_F_strict	0		
GCA_038826755.1	CLC_F_strict	0		
GCA_038827615.1	CLC_F_strict	0		
GCA_038828875.1	CLC_F_strict	0		
GCA_038831005.1	CLC_F_strict	0		
GCA_038831915.1	CLC_F_strict	0		
GCA_038832545.1	CLC_F_strict	0		
GCA_038842485.1	CLC_F_strict	0		
GCA_038843015.1	CLC_F_strict	0		
GCA_038843675.1	CLC_F_strict	0		
GCA_038844785.1	CLC_F_strict	0		
GCA_038845265.1	CLC_F_strict	0		
GCA_038845865.1	CLC_F_strict	0		
GCA_038845975.1	CLC_F_strict	0		
GCA_038848185.1	CLC_F_strict	0		
GCA_038848525.1	CLC_F_strict	0		
GCA_038849525.1	CLC_F_strict	0		
GCA_038850275.1	CLC_F_strict	0		
GCA_038850285.1	CLC_F_strict	0		
GCA_038850515.1	CLC_F_strict	0		
GCA_038850615.1	CLC_F_strict	0		
GCA_038850735.1	CLC_F_strict	0		
GCA_038851035.1	CLC_F_strict	0		
GCA_038851215.1	CLC_F_strict	0		
GCA_038852105.1	CLC_F_strict	0		
GCA_038852285.1	CLC_F_strict	0		
GCA_038853715.1	CLC_F_strict	0		
GCA_038857155.1	CLC_F_strict	0		
GCA_038858525.1	CLC_F_strict	0		
GCA_038868075.1	CLC_F_strict	0		
GCA_038868975.1	CLC_F_strict	0		
GCA_038868995.1	CLC_F_strict	0		
GCA_038869035.1	CLC_F_strict	0		
GCA_038869515.1	CLC_F_strict	0		
GCA_038869655.1	CLC_F_strict	0		
GCA_038869735.1	CLC_F_strict	0		
GCA_038869975.1	CLC_F_strict	0		
GCA_038870415.1	CLC_F_strict	0		
GCA_038870455.1	CLC_F_strict	0		
GCA_038870935.1	CLC_F_strict	0		
GCA_038870975.1	CLC_F_strict	0		
GCA_038871515.1	CLC_F_strict	0		
GCA_038872815.1	CLC_F_strict	0		
GCA_038873195.1	CLC_F_strict	0		
GCA_038874075.1	CLC_F_strict	0		
GCA_038874115.1	CLC_F_strict	0		
GCA_038874135.1	CLC_F_strict	0		
GCA_038874215.1	CLC_F_strict	0		
GCA_038874355.1	CLC_F_strict	0		
GCA_038874435.1	CLC_F_strict	0		
GCA_038874475.1	CLC_F_strict	0		
GCA_038874595.1	CLC_F_strict	0		
GCA_038874655.1	CLC_F_strict	0		
GCA_038878695.1	CLC_F_strict	0		
GCA_038879095.1	CLC_F_strict	0		
GCA_038879595.1	CLC_F_strict	0		
GCA_038880555.1	CLC_F_strict	0		
GCA_038881595.1	CLC_F_strict	0		
GCA_038881635.1	CLC_F_strict	0		
GCA_038881895.1	CLC_F_strict	0		
GCA_038882715.1	CLC_F_strict	0		
GCA_038882935.1	CLC_F_strict	0		
GCA_038883335.1	CLC_F_strict	0		
GCA_038884175.1	CLC_F_strict	0		
GCA_038884455.1	CLC_F_strict	0		
GCA_038884755.1	CLC_F_strict	0		
GCA_038884815.1	CLC_F_strict	0		
GCA_038884975.1	CLC_F_strict	0		
GCA_038886195.1	CLC_F_strict	0		
GCA_038886535.1	CLC_F_strict	0		
GCA_038887295.1	CLC_F_strict	0		
GCA_038887515.1	CLC_F_strict	0		
GCA_038888615.1	CLC_F_strict	0		
GCA_038889075.1	CLC_F_strict	0		
GCA_038889235.1	CLC_F_strict	0		
GCA_038890395.1	CLC_F_strict	0		
GCA_038890615.1	CLC_F_strict	0		
GCA_038890745.1	CLC_F_strict	0		
GCA_038890815.1	CLC_F_strict	0		
GCA_038890875.1	CLC_F_strict	0		
GCA_038891035.1	CLC_F_strict	0		
GCA_038891055.1	CLC_F_strict	0		
GCA_038891095.1	CLC_F_strict	0		
GCA_038891615.1	CLC_F_strict	0		
GCA_038893495.1	CLC_F_strict	0		
GCA_038893835.1	CLC_F_strict	0		
GCA_038894115.1	CLC_F_strict	0		
GCA_038894275.1	CLC_F_strict	0		
GCA_038894875.1	CLC_F_strict	0		
GCA_038895395.1	CLC_F_strict	0		
GCA_038895475.1	CLC_F_strict	1	310.7	MEM4637739.1
GCA_038895675.1	CLC_F_strict	0		
GCA_038896575.1	CLC_F_strict	0		
GCA_038897035.1	CLC_F_strict	0		
GCA_038897115.1	CLC_F_strict	0		
GCA_038997165.1	CLC_F_strict	0		
GCA_038999215.1	CLC_F_strict	0		
GCA_038999265.1	CLC_F_strict	0		
GCA_038999725.1	CLC_F_strict	0		
GCA_039000375.1	CLC_F_strict	0		
GCA_039091255.1	CLC_F_strict	0		
GCA_039666455.1	CLC_F_strict	0		
GCA_039683275.1	CLC_F_strict	0		
GCA_039793485.1	CLC_F_strict	0		
GCA_039793985.1	CLC_F_strict	0		
GCA_039794045.1	CLC_F_strict	0		
GCA_039938515.1	CLC_F_strict	0		
GCA_039938575.1	CLC_F_strict	0		
GCA_039938615.1	CLC_F_strict	0		
GCA_040290255.1	CLC_F_strict	0		
GCA_040297625.1	CLC_F_strict	0		
GCA_040514265.1	CLC_F_strict	0		
GCA_040514325.1	CLC_F_strict	0		
GCA_040514375.1	CLC_F_strict	0		
GCA_040753455.1	CLC_F_strict	0		
GCA_040755655.1	CLC_F_strict	0		
GCA_040755695.1	CLC_F_strict	0		
GCA_040757035.1	CLC_F_strict	0		
GCA_040757675.1	CLC_F_strict	0		
GCA_040776945.1	CLC_F_strict	0		
GCA_040877685.1	CLC_F_strict	0		
GCA_041287325.1	CLC_F_strict	0		
GCA_041287395.1	CLC_F_strict	0		
GCA_041287455.1	CLC_F_strict	0		
GCA_041305345.1	CLC_F_strict	0		
GCA_041305385.1	CLC_F_strict	0		
GCA_041305945.1	CLC_F_strict	0		
GCA_041306005.1	CLC_F_strict	0		
GCA_041306075.1	CLC_F_strict	0		
GCA_041447175.1	CLC_F_strict	0		
GCA_041479945.1	CLC_F_strict	0		
GCA_041480025.1	CLC_F_strict	0		
GCA_041485285.1	CLC_F_strict	0		
GCA_041489255.1	CLC_F_strict	0		
GCA_041494275.1	CLC_F_strict	0		
GCA_041499475.1	CLC_F_strict	0		
GCA_041500425.1	CLC_F_strict	0		
GCA_041500865.1	CLC_F_strict	0		
GCA_041599855.1	CLC_F_strict	0		
GCA_041601615.1	CLC_F_strict	0		
GCA_041641295.1	CLC_F_strict	0		
GCA_041641305.1	CLC_F_strict	0		
GCA_041645325.1	CLC_F_strict	0		
GCA_041645435.1	CLC_F_strict	0		
GCA_041648255.1	CLC_F_strict	0		
GCA_041648335.1	CLC_F_strict	0		
GCA_041648435.1	CLC_F_strict	0		
GCA_041648475.1	CLC_F_strict	0		
GCA_041649755.1	CLC_F_strict	0		
GCA_041650315.1	CLC_F_strict	0		
GCA_041650355.1	CLC_F_strict	0		
GCA_041650395.1	CLC_F_strict	0		
GCA_041651575.1	CLC_F_strict	0		
GCA_041652755.1	CLC_F_strict	0		
GCA_041653315.1	CLC_F_strict	0		
GCA_041653515.1	CLC_F_strict	0		
GCA_041657955.1	CLC_F_strict	0		
GCA_041658255.1	CLC_F_strict	0		
GCA_041659525.1	CLC_F_strict	0		
GCA_041660725.1	CLC_F_strict	0		
GCA_041661025.1	CLC_F_strict	0		
GCA_041663565.1	CLC_F_strict	0		
GCA_041665465.1	CLC_F_strict	0		
GCA_041671005.1	CLC_F_strict	0		
GCA_041862235.1	CLC_F_strict	0		
GCA_900065925.1	CLC_F_strict	0		
GCA_900620265.3	CLC_F_strict	0		
GCA_902158745.1	CLC_F_strict	0		
GCA_902384455.1	CLC_F_strict	0		
GCA_902384525.1	CLC_F_strict	0		
GCA_902384675.1	CLC_F_strict	0		
GCA_902384795.1	CLC_F_strict	0		
GCA_902384935.1	CLC_F_strict	0		
GCA_902385045.1	CLC_F_strict	0		
GCA_902385255.1	CLC_F_strict	0		
GCA_902386135.1	CLC_F_strict	0		
GCA_902386205.1	CLC_F_strict	0		
GCA_902386255.1	CLC_F_strict	0		
GCA_902812485.1	CLC_F_strict	0		
GCA_903828955.1	CLC_F_strict	0		
GCA_903842985.1	CLC_F_strict	0		
GCA_903851445.1	CLC_F_strict	0		
GCA_903884505.1	CLC_F_strict	0		
GCA_903893865.1	CLC_F_strict	0		
GCA_903904885.1	CLC_F_strict	0		
GCA_903907555.1	CLC_F_strict	0		
GCA_903915225.1	CLC_F_strict	0		
GCA_903916665.1	CLC_F_strict	0		
GCA_905171695.1	CLC_F_strict	0		
GCA_937138345.1	CLC_F_strict	0		
GCA_937892815.1	CLC_F_strict	0		
GCA_937898665.1	CLC_F_strict	0		
GCA_937906345.1	CLC_F_strict	0		
GCA_937912225.1	CLC_F_strict	0		
GCA_937934305.1	CLC_F_strict	0		
GCA_938004075.1	CLC_F_strict	0		
GCA_938029515.1	CLC_F_strict	0		
GCA_938030905.1	CLC_F_strict	0		
GCA_938034445.1	CLC_F_strict	0		
GCA_938042195.1	CLC_F_strict	0		
GCA_938074535.1	CLC_F_strict	0		
GCA_938083505.1	CLC_F_strict	0		
GCA_938091495.1	CLC_F_strict	0		
GCA_943788655.1	CLC_F_strict	0		
GCA_949372875.1	CLC_F_strict	0		
GCA_963578705.1	CLC_F_strict	0		
GCA_963676045.1	CLC_F_strict	0		
GCA_963932585.1	CLC_F_strict	0		
GCA_963999255.1	CLC_F_strict	0		
GCA_964012725.1	CLC_F_strict	0		
GCF_000007185.1	CLC_F_strict	0		
GCF_000007225.1	CLC_F_strict	0		
GCF_000007305.1	CLC_F_strict	0		
GCF_000007345.1	CLC_F_strict	0		
GCF_000008645.1	CLC_F_strict	0		
GCF_000008665.1	CLC_F_strict	0		
GCF_000009965.1	CLC_F_strict	0		
GCF_000011005.1	CLC_F_strict	0		
GCF_000011085.1	CLC_F_strict	0		
GCF_000011105.1	CLC_F_strict	0		
GCF_000011125.1	CLC_F_strict	0		
GCF_000011185.1	CLC_F_strict	0		
GCF_000011205.1	CLC_F_strict	0		
GCF_000012285.1	CLC_F_strict	0		
GCF_000012545.1	CLC_F_strict	0		
GCF_000013445.1	CLC_F_strict	0		
GCF_000013725.1	CLC_F_strict	0		
GCF_000014945.1	CLC_F_strict	0		
GCF_000015145.1	CLC_F_strict	0		
GCF_000015205.1	CLC_F_strict	0		
GCF_000015225.1	CLC_F_strict	0		
GCF_000015765.1	CLC_F_strict	0		
GCF_000015805.1	CLC_F_strict	0		
GCF_000015825.1	CLC_F_strict	0		
GCF_000015945.1	CLC_F_strict	0		
GCF_000016125.1	CLC_F_strict	0		
GCF_000016385.1	CLC_F_strict	0		
GCF_000016525.1	CLC_F_strict	0		
GCF_000016605.1	CLC_F_strict	0		
GCF_000017165.1	CLC_F_strict	0		
GCF_000017185.1	CLC_F_strict	0		
GCF_000017625.1	CLC_F_strict	0		
GCF_000017945.1	CLC_F_strict	0		
GCF_000018305.1	CLC_F_strict	0		
GCF_000018365.1	CLC_F_strict	0		
GCF_000018465.1	CLC_F_strict	0		
GCF_000019605.1	CLC_F_strict	0		
GCF_000019805.1	CLC_F_strict	0		
GCF_000021965.1	CLC_F_strict	0		
GCF_000022205.1	CLC_F_strict	0		
GCF_000022365.1	CLC_F_strict	0		
GCF_000022485.1	CLC_F_strict	0		
GCF_000022545.1	CLC_F_strict	0		
GCF_000023945.1	CLC_F_strict	0		
GCF_000023965.1	CLC_F_strict	0		
GCF_000023985.1	CLC_F_strict	0		
GCF_000024185.1	CLC_F_strict	0		
GCF_000024625.1	CLC_F_strict	0		
GCF_000025285.1	CLC_F_strict	0		
GCF_000025325.1	CLC_F_strict	0		
GCF_000025505.1	CLC_F_strict	0		
GCF_000025525.1	CLC_F_strict	0		
GCF_000025625.1	CLC_F_strict	0		
GCF_000025665.1	CLC_F_strict	0		
GCF_000025685.1	CLC_F_strict	0		
GCF_000025865.1	CLC_F_strict	0		
GCF_000026045.1	CLC_F_strict	0		
GCF_000063445.1	CLC_F_strict	0		
GCF_000091665.1	CLC_F_strict	0		
GCF_000092185.1	CLC_F_strict	0		
GCF_000092305.1	CLC_F_strict	0		
GCF_000092465.1	CLC_F_strict	0		
GCF_000144915.1	CLC_F_strict	0		
GCF_000145295.1	CLC_F_strict	0		
GCF_000147875.1	CLC_F_strict	0		
GCF_000148385.1	CLC_F_strict	0		
GCF_000151105.2	CLC_F_strict	0		
GCF_000151205.2	CLC_F_strict	0		
GCF_000172995.2	CLC_F_strict	0		
GCF_000179575.2	CLC_F_strict	0		
GCF_000186365.1	CLC_F_strict	0		
GCF_000190315.1	CLC_F_strict	0		
GCF_000191585.1	CLC_F_strict	0		
GCF_000193375.1	CLC_F_strict	0		
GCF_000194625.1	CLC_F_strict	0		
GCF_000195915.1	CLC_F_strict	0		
GCF_000195935.2	CLC_F_strict	0		
GCF_000196655.1	CLC_F_strict	0		
GCF_000196895.1	CLC_F_strict	0		
GCF_000204415.1	CLC_F_strict	0		
GCF_000204925.1	CLC_F_strict	0		
GCF_000211475.1	CLC_F_strict	0		
GCF_000214415.1	CLC_F_strict	0		
GCF_000214725.1	CLC_F_strict	0		
GCF_000215995.1	CLC_F_strict	0		
GCF_000217715.1	CLC_F_strict	0		
GCF_000217995.1	CLC_F_strict	0		
GCF_000220175.1	CLC_F_strict	0		
GCF_000221185.1	CLC_F_strict	0		
GCF_000223395.1	CLC_F_strict	0		
GCF_000223905.1	CLC_F_strict	0		
GCF_000226975.2	CLC_F_strict	0		
GCF_000230715.2	CLC_F_strict	0		
GCF_000230735.2	CLC_F_strict	0		
GCF_000234805.1	CLC_F_strict	0		
GCF_000235565.1	CLC_F_strict	0		
GCF_000237865.1	CLC_F_strict	0		
GCF_000243255.1	CLC_F_strict	0		
GCF_000243315.1	CLC_F_strict	0		
GCF_000243455.1	CLC_F_strict	0		
GCF_000246985.2	CLC_F_strict	0		
GCF_000251105.1	CLC_F_strict	0		
GCF_000253055.1	CLC_F_strict	0		
GCF_000258425.1	CLC_F_strict	0		
GCF_000258515.1	CLC_F_strict	0		
GCF_000263735.1	CLC_F_strict	0		
GCF_000264495.1	CLC_F_strict	0		
GCF_000265525.1	CLC_F_strict	0		
GCF_000275865.1	CLC_F_strict	0		
GCF_000299365.1	CLC_F_strict	0		
GCF_000299395.1	CLC_F_strict	0		
GCF_000300255.2	CLC_F_strict	0		
GCF_000302455.1	CLC_F_strict	0		
GCF_000303155.1	CLC_F_strict	0		
GCF_000304355.2	CLC_F_strict	0		
GCF_000306765.2	CLC_F_strict	0		
GCF_000308215.1	CLC_F_strict	0		
GCF_000317795.1	CLC_F_strict	0		
GCF_000320505.1	CLC_F_strict	0		
GCF_000327485.1	CLC_F_strict	0		
GCF_000327505.1	CLC_F_strict	0		
GCF_000328525.1	CLC_F_strict	0		
GCF_000328665.1	CLC_F_strict	0		
GCF_000328685.1	CLC_F_strict	0		
GCF_000334895.1	CLC_F_strict	0		
GCF_000336615.1	CLC_F_strict	0		
GCF_000336635.1	CLC_F_strict	0		
GCF_000336675.1	CLC_F_strict	0		
GCF_000336715.1	CLC_F_strict	0		
GCF_000336755.1	CLC_F_strict	0		
GCF_000336775.1	CLC_F_strict	0		
GCF_000336815.1	CLC_F_strict	0		
GCF_000336875.1	CLC_F_strict	0		
GCF_000336895.1	CLC_F_strict	0		
GCF_000336915.1	CLC_F_strict	0		
GCF_000336935.1	CLC_F_strict	0		
GCF_000336955.1	CLC_F_strict	0		
GCF_000337035.1	CLC_F_strict	0		
GCF_000337095.1	CLC_F_strict	0		
GCF_000337135.1	CLC_F_strict	0		
GCF_000337175.1	CLC_F_strict	0		
GCF_000337195.1	CLC_F_strict	0		
GCF_000337215.1	CLC_F_strict	0		
GCF_000337335.1	CLC_F_strict	0		
GCF_000337355.1	CLC_F_strict	0		
GCF_000337375.1	CLC_F_strict	0		
GCF_000337415.1	CLC_F_strict	0		
GCF_000337475.1	CLC_F_strict	0		
GCF_000337495.1	CLC_F_strict	0		
GCF_000337515.1	CLC_F_strict	0		
GCF_000337535.1	CLC_F_strict	0		
GCF_000337555.1	CLC_F_strict	0		
GCF_000337575.1	CLC_F_strict	0		
GCF_000337595.1	CLC_F_strict	0		
GCF_000337615.1	CLC_F_strict	0		
GCF_000337675.1	CLC_F_strict	0		
GCF_000337695.1	CLC_F_strict	0		
GCF_000337735.1	CLC_F_strict	0		
GCF_000337775.1	CLC_F_strict	0		
GCF_000337795.1	CLC_F_strict	0		
GCF_000337815.1	CLC_F_strict	0		
GCF_000337915.1	CLC_F_strict	0		
GCF_000371805.1	CLC_F_strict	0		
GCF_000376445.1	CLC_F_strict	0		
GCF_000379085.1	CLC_F_strict	0		
GCF_000383975.1	CLC_F_strict	0		
GCF_000385565.1	CLC_F_strict	0		
GCF_000403645.1	CLC_F_strict	0		
GCF_000404225.1	CLC_F_strict	0		
GCF_000415985.1	CLC_F_strict	0		
GCF_000427685.1	CLC_F_strict	0		
GCF_000446015.1	CLC_F_strict	0		
GCF_000455345.1	CLC_F_strict	0		
GCF_000455365.1	CLC_F_strict	0		
GCF_000470655.1	CLC_F_strict	0		
GCF_000495475.1	CLC_F_strict	0		
GCF_000504205.1	CLC_F_strict	0		
GCF_000513855.1	CLC_F_strict	0		
GCF_000517445.1	CLC_F_strict	0		
GCF_000517625.1	CLC_F_strict	0		
GCF_000585495.1	CLC_F_strict	0		
GCF_000591035.1	CLC_F_strict	0		
GCF_000591055.1	CLC_F_strict	0		
GCF_000621965.1	CLC_F_strict	0		
GCF_000632495.1	CLC_F_strict	0		
GCF_000685155.1	CLC_F_strict	0		
GCF_000691865.1	CLC_F_strict	0		
GCF_000698785.1	CLC_F_strict	0		
GCF_000710615.1	CLC_F_strict	0		
GCF_000711905.1	CLC_F_strict	0		
GCF_000723185.1	CLC_F_strict	0		
GCF_000725425.1	CLC_F_strict	0		
GCF_000730285.1	CLC_F_strict	0		
GCF_000731985.1	CLC_F_strict	0		
GCF_000739065.1	CLC_F_strict	0		
GCF_000739595.1	CLC_F_strict	0		
GCF_000744455.1	CLC_F_strict	0		
GCF_000745485.1	CLC_F_strict	0		
GCF_000746205.1	CLC_F_strict	0		
GCF_000755245.1	CLC_F_strict	0		
GCF_000765475.1	CLC_F_strict	0		
GCF_000769655.1	CLC_F_strict	0		
GCF_000784355.1	CLC_F_strict	0		
GCF_000789255.1	CLC_F_strict	0		
GCF_000800805.1	CLC_F_strict	0		
GCF_000802205.1	CLC_F_strict	0		
GCF_000812185.1	CLC_F_strict	0		
GCF_000816105.1	CLC_F_strict	0		
GCF_000828575.1	CLC_F_strict	0		
GCF_000875775.1	CLC_F_strict	0		
GCF_000955905.1	CLC_F_strict	0		
GCF_000956175.1	CLC_F_strict	0		
GCF_000966265.1	CLC_F_strict	0		
GCF_000969885.1	CLC_F_strict	0		
GCF_000969905.1	CLC_F_strict	0		
GCF_000969965.1	CLC_F_strict	0		
GCF_000969985.1	CLC_F_strict	0		
GCF_000970025.1	CLC_F_strict	0		
GCF_000970045.1	CLC_F_strict	0		
GCF_000970085.1	CLC_F_strict	0		
GCF_000970205.1	CLC_F_strict	0		
GCF_000970265.1	CLC_F_strict	0		
GCF_000970285.1	CLC_F_strict	0		
GCF_000970305.1	CLC_F_strict	0		
GCF_000970325.1	CLC_F_strict	0		
GCF_000979455.1	CLC_F_strict	0		
GCF_000993805.1	CLC_F_strict	0		
GCF_001006045.1	CLC_F_strict	0		
GCF_001011115.1	CLC_F_strict	0		
GCF_001017125.1	CLC_F_strict	0		
GCF_001280425.1	CLC_F_strict	0		
GCF_001280455.1	CLC_F_strict	0		
GCF_001282785.1	CLC_F_strict	0		
GCF_001304615.2	CLC_F_strict	0		
GCF_001317345.1	CLC_F_strict	0		
GCF_001368915.1	CLC_F_strict	0		
GCF_001402945.1	CLC_F_strict	0		
GCF_001412615.1	CLC_F_strict	0		
GCF_001462205.1	CLC_F_strict	0		
GCF_001462395.1	CLC_F_strict	0		
GCF_001469865.1	CLC_F_strict	0		
GCF_001469875.2	CLC_F_strict	0		
GCF_001469955.1	CLC_F_strict	0		
GCF_001477655.1	CLC_F_strict	0		
GCF_001481685.1	CLC_F_strict	0		
GCF_001482285.1	CLC_F_strict	0		
GCF_001484195.1	CLC_F_strict	0		
GCF_001484685.1	CLC_F_strict	0		
GCF_001485535.1	CLC_F_strict	0		
GCF_001485575.1	CLC_F_strict	0		
GCF_001488575.1	CLC_F_strict	0		
GCF_001541925.1	CLC_F_strict	0		
GCF_001542905.1	CLC_F_strict	0		
GCF_001548675.1	CLC_F_strict	0		
GCF_001571385.1	CLC_F_strict	0		
GCF_001571405.1	CLC_F_strict	0		
GCF_001577775.1	CLC_F_strict	0		
GCF_001592435.1	CLC_F_strict	0		
GCF_001602375.1	CLC_F_strict	0		
GCF_001625445.1	CLC_F_strict	0		
GCF_001639275.1	CLC_F_strict	0		
GCF_001647085.1	CLC_F_strict	0		
GCF_001719125.1	CLC_F_strict	0		
GCF_001729965.1	CLC_F_strict	0		
GCF_001748385.1	CLC_F_strict	0		
GCF_001861355.1	CLC_F_strict	0		
GCF_001870125.1	CLC_F_strict	0		
GCF_001886955.1	CLC_F_strict	0		
GCF_001889405.1	CLC_F_strict	0		
GCF_001953745.1	CLC_F_strict	0		
GCF_001971705.1	CLC_F_strict	0		
GCF_001989615.1	CLC_F_strict	0		
GCF_002025255.2	CLC_F_strict	0		
GCF_002067035.1	CLC_F_strict	0		
GCF_002072215.1	CLC_F_strict	0		
GCF_002078355.1	CLC_F_strict	0		
GCF_002114285.1	CLC_F_strict	0		
GCF_002116695.1	CLC_F_strict	0		
GCF_002153915.1	CLC_F_strict	0		
GCF_002156705.1	CLC_F_strict	0		
GCF_002156965.1	CLC_F_strict	0		
GCF_002177135.1	CLC_F_strict	0		
GCF_002201895.1	CLC_F_strict	0		
GCF_002208625.1	CLC_F_strict	0		
GCF_002214165.1	CLC_F_strict	0		
GCF_002214365.1	CLC_F_strict	0		
GCF_002214385.1	CLC_F_strict	0		
GCF_002214465.1	CLC_F_strict	0		
GCF_002214485.1	CLC_F_strict	0		
GCF_002214505.1	CLC_F_strict	0		
GCF_002214525.1	CLC_F_strict	0		
GCF_002214545.1	CLC_F_strict	0		
GCF_002214565.1	CLC_F_strict	0		
GCF_002214585.1	CLC_F_strict	0		
GCF_002214605.1	CLC_F_strict	0		
GCF_002243045.1	CLC_F_strict	0		
GCF_002252755.1	CLC_F_strict	0		
GCF_002286985.1	CLC_F_strict	0		
GCF_002287175.1	CLC_F_strict	0		
GCF_002287215.1	CLC_F_strict	0		
GCF_002287235.1	CLC_F_strict	0		
GCF_002355635.1	CLC_F_strict	0		
GCF_002355655.1	CLC_F_strict	0		
GCF_002487355.1	CLC_F_strict	0		
GCF_002496565.1	CLC_F_strict	0		
GCF_002498065.1	CLC_F_strict	0		
GCF_002498315.1	CLC_F_strict	0		
GCF_002502735.1	CLC_F_strict	0		
GCF_002505485.1	CLC_F_strict	0		
GCF_002506515.1	CLC_F_strict	0		
GCF_002506585.1	CLC_F_strict	0		
GCF_002507545.1	CLC_F_strict	0		
GCF_002508705.1	CLC_F_strict	0		
GCF_002572525.1	CLC_F_strict	0		
GCF_002727125.1	CLC_F_strict	0		
GCF_002761295.1	CLC_F_strict	0		
GCF_002787055.1	CLC_F_strict	0		
GCF_002788215.1	CLC_F_strict	0		
GCF_002813695.1	CLC_F_strict	0		
GCF_002844195.1	CLC_F_strict	0		
GCF_002906575.1	CLC_F_strict	0		
GCF_002945325.1	CLC_F_strict	0		
GCF_002952775.1	CLC_F_strict	0		
GCF_003058365.1	CLC_F_strict	0		
GCF_003111605.1	CLC_F_strict	0		
GCF_003111625.1	CLC_F_strict	0		
GCF_003149675.1	CLC_F_strict	0		
GCF_003170075.1	CLC_F_strict	0		
GCF_003173335.1	CLC_F_strict	0		
GCF_003173355.1	CLC_F_strict	0		
GCF_003201675.2	CLC_F_strict	0		
GCF_003201765.2	CLC_F_strict	0		
GCF_003201835.2	CLC_F_strict	0		
GCF_003205235.1	CLC_F_strict	0		
GCF_003264935.1	CLC_F_strict	0		
GCF_003268005.1	CLC_F_strict	0		
GCF_003287355.1	CLC_F_strict	0		
GCF_003336245.1	CLC_F_strict	0		
GCF_003342675.1	CLC_F_strict	0		
GCF_003351865.1	CLC_F_strict	0		
GCF_003369835.1	CLC_F_strict	0		
GCF_003382685.1	CLC_F_strict	0		
GCF_003383095.1	CLC_F_strict	0		
GCF_003430825.1	CLC_F_strict	0		
GCF_003431325.1	CLC_F_strict	0		
GCF_003439925.1	CLC_F_strict	0		
GCF_003491305.1	CLC_F_strict	0		
GCF_003605575.1	CLC_F_strict	0		
GCF_003605635.1	CLC_F_strict	0		
GCF_003610195.1	CLC_F_strict	0		
GCF_003666015.1	CLC_F_strict	0		
GCF_003670115.1	CLC_F_strict	0		
GCF_003675855.1	CLC_F_strict	0		
GCF_003675875.1	CLC_F_strict	0		
GCF_003697815.1	CLC_F_strict	0		
GCF_003697845.1	CLC_F_strict	0		
GCF_003721435.2	CLC_F_strict	0		
GCF_003722075.1	CLC_F_strict	0		
GCF_003730195.1	CLC_F_strict	0		
GCF_003781945.1	CLC_F_strict	0		
GCF_003814835.1	CLC_F_strict	0		
GCF_003841465.1	CLC_F_strict	0		
GCF_003841485.1	CLC_F_strict	0		
GCF_003841505.1	CLC_F_strict	0		
GCF_003856835.1	CLC_F_strict	0		
GCF_003862495.1	CLC_F_strict	0		
GCF_003967175.1	CLC_F_strict	0		
GCF_003977755.1	CLC_F_strict	0		
GCF_003990725.2	CLC_F_strict	0		
GCF_004087835.1	CLC_F_strict	0		
GCF_004099695.1	CLC_F_strict	0		
GCF_004102725.1	CLC_F_strict	0		
GCF_004114375.1	CLC_F_strict	0		
GCF_004118325.1	CLC_F_strict	0		
GCF_004143485.2	CLC_F_strict	0		
GCF_004297185.1	CLC_F_strict	0		
GCF_004310395.1	CLC_F_strict	0		
GCF_004698125.1	CLC_F_strict	0		
GCF_004745425.1	CLC_F_strict	0		
GCF_004765785.1	CLC_F_strict	0		
GCF_004765795.1	CLC_F_strict	0		
GCF_004765815.2	CLC_F_strict	0		
GCF_004785955.1	CLC_F_strict	0		
GCF_004799665.1	CLC_F_strict	0		
GCF_004799685.1	CLC_F_strict	0		
GCF_004944975.1	CLC_F_strict	0		
GCF_005049285.1	CLC_F_strict	0		
GCF_005239135.1	CLC_F_strict	0		
GCF_005406125.1	CLC_F_strict	0		
GCF_005435165.1	CLC_F_strict	0		
GCF_005543295.1	CLC_F_strict	0		
GCF_005576615.1	CLC_F_strict	0		
GCF_006274605.1	CLC_F_strict	0		
GCF_006543045.1	CLC_F_strict	0		
GCF_006546655.1	CLC_F_strict	0		
GCF_006740685.1	CLC_F_strict	0		
GCF_006861665.1	CLC_F_strict	0		
GCF_007004735.1	CLC_F_strict	0		
GCF_007421925.1	CLC_F_strict	0		
GCF_007655485.1	CLC_F_strict	0		
GCF_007671685.1	CLC_F_strict	0		
GCF_007671725.1	CLC_F_strict	0		
GCF_007826885.1	CLC_F_strict	0		
GCF_007833275.1	CLC_F_strict	0		
GCF_008122205.1	CLC_F_strict	0		
GCF_008124605.1	CLC_F_strict	0		
GCF_008245225.1	CLC_F_strict	0		
GCF_008326425.1	CLC_F_strict	0		
GCF_008389435.1	CLC_F_strict	0		
GCF_008709555.1	CLC_F_strict	0		
GCF_008729015.1	CLC_F_strict	0		
GCF_008831545.1	CLC_F_strict	0		
GCF_009184545.1	CLC_F_strict	0		
GCF_009392895.1	CLC_F_strict	0		
GCF_009601705.1	CLC_F_strict	0		
GCF_009617975.1	CLC_F_strict	0		
GCF_009617995.1	CLC_F_strict	0		
GCF_009663395.1	CLC_F_strict	0		
GCF_009674585.1	CLC_F_strict	0		
GCF_009674605.1	CLC_F_strict	0		
GCF_009690625.1	CLC_F_strict	0		
GCF_009729015.1	CLC_F_strict	0		
GCF_009729035.1	CLC_F_strict	0		
GCF_009729055.1	CLC_F_strict	0		
GCF_009729545.1	CLC_F_strict	0		
GCF_009741925.1	CLC_F_strict	0		
GCF_009791395.1	CLC_F_strict	0		
GCF_009831455.1	CLC_F_strict	0		
GCF_009831575.1	CLC_F_strict	0		
GCF_009831625.1	CLC_F_strict	0		
GCF_009834785.1	CLC_F_strict	0		
GCF_009900715.1	CLC_F_strict	0		
GCF_010119195.1	CLC_F_strict	0		
GCF_010119205.1	CLC_F_strict	0		
GCF_010747475.1	CLC_F_strict	0		
GCF_011043775.1	CLC_F_strict	0		
GCF_011440375.1	CLC_F_strict	0		
GCF_011620785.1	CLC_F_strict	0		
GCF_011734195.1	CLC_F_strict	0		
GCF_012027305.1	CLC_F_strict	0		
GCF_012027325.1	CLC_F_strict	0		
GCF_012027355.1	CLC_F_strict	0		
GCF_012027395.1	CLC_F_strict	0		
GCF_012027425.1	CLC_F_strict	0		
GCF_012027495.1	CLC_F_strict	0		
GCF_012027555.1	CLC_F_strict	0		
GCF_012027595.1	CLC_F_strict	0		
GCF_012027615.1	CLC_F_strict	0		
GCF_012027635.1	CLC_F_strict	0		
GCF_012027645.1	CLC_F_strict	0		
GCF_012222305.1	CLC_F_strict	0		
GCF_013267195.1	CLC_F_strict	0		
GCF_013340765.1	CLC_F_strict	0		
GCF_013342145.1	CLC_F_strict	0		
GCF_013343295.1	CLC_F_strict	0		
GCF_013377755.1	CLC_F_strict	0		
GCF_013388255.1	CLC_F_strict	0		
GCF_013388945.1	CLC_F_strict	0		
GCF_013391085.1	CLC_F_strict	0		
GCF_013391105.1	CLC_F_strict	0		
GCF_013401515.1	CLC_F_strict	0		
GCF_013402815.2	CLC_F_strict	0		
GCF_013402875.1	CLC_F_strict	0		
GCF_013407145.1	CLC_F_strict	0		
GCF_013407165.1	CLC_F_strict	0		
GCF_013407185.1	CLC_F_strict	0		
GCF_013407275.1	CLC_F_strict	0		
GCF_013415885.1	CLC_F_strict	0		
GCF_013760955.1	CLC_F_strict	0		
GCF_013839425.1	CLC_F_strict	0		
GCF_013839515.1	CLC_F_strict	0		
GCF_014078525.1	CLC_F_strict	0		
GCF_014212355.1	CLC_F_strict	0		
GCF_014646875.1	CLC_F_strict	0		
GCF_014647115.1	CLC_F_strict	0		
GCF_014647155.1	CLC_F_strict	0		
GCF_014647235.1	CLC_F_strict	0		
GCF_014647415.1	CLC_F_strict	0		
GCF_014647455.2	CLC_F_strict	0		
GCF_014647475.1	CLC_F_strict	0		
GCF_014876775.1	CLC_F_strict	0		
GCF_014889545.1	CLC_F_strict	0		
GCF_014962245.1	CLC_F_strict	0		
GCF_015062935.1	CLC_F_strict	0		
GCF_015521605.1	CLC_F_strict	0		
GCF_015523185.1	CLC_F_strict	0		
GCF_016065055.1	CLC_F_strict	0		
GCF_016217785.1	CLC_F_strict	0		
GCF_016278365.1	CLC_F_strict	0		
GCF_016278385.1	CLC_F_strict	0		
GCF_016282985.1	CLC_F_strict	0		
GCF_016294135.1	CLC_F_strict	0		
GCF_016706325.1	CLC_F_strict	0		
GCF_016757965.1	CLC_F_strict	0		
GCF_017094465.1	CLC_F_strict	0		
GCF_017094485.1	CLC_F_strict	0		
GCF_017094505.1	CLC_F_strict	0		
GCF_017094525.1	CLC_F_strict	0		
GCF_017352095.1	CLC_F_strict	0		
GCF_017352155.2	CLC_F_strict	0		
GCF_017357105.1	CLC_F_strict	0		
GCF_017357525.1	CLC_F_strict	0		
GCF_017409525.1	CLC_F_strict	0		
GCF_017410345.1	CLC_F_strict	0		
GCF_017447225.1	CLC_F_strict	0		
GCF_017468685.1	CLC_F_strict	0		
GCF_017656475.1	CLC_F_strict	0		
GCF_017656495.1	CLC_F_strict	0		
GCF_017873335.1	CLC_F_strict	0		
GCF_017873415.1	CLC_F_strict	0		
GCF_017873555.1	CLC_F_strict	0		
GCF_017873625.1	CLC_F_strict	0		
GCF_017873815.1	CLC_F_strict	0		
GCF_017873855.1	CLC_F_strict	0		
GCF_017874375.1	CLC_F_strict	0		
GCF_017874455.1	CLC_F_strict	0		
GCF_017875315.1	CLC_F_strict	0		
GCF_017875325.1	CLC_F_strict	0		
GCF_017875395.1	CLC_F_strict	0		
GCF_017940815.1	CLC_F_strict	0		
GCF_018128925.1	CLC_F_strict	0		
GCF_018132105.1	CLC_F_strict	0		
GCF_018141185.1	CLC_F_strict	0		
GCF_018228765.1	CLC_F_strict	0		
GCF_018433835.1	CLC_F_strict	0		
GCF_018609725.1	CLC_F_strict	0		
GCF_018623055.1	CLC_F_strict	0		
GCF_018687785.1	CLC_F_strict	0		
GCF_019175345.1	CLC_F_strict	0		
GCF_019263745.1	CLC_F_strict	0		
GCF_019599405.1	CLC_F_strict	0		
GCF_019599465.1	CLC_F_strict	0		
GCF_019633745.1	CLC_F_strict	0		
GCF_019669925.1	CLC_F_strict	0		
GCF_019669965.1	CLC_F_strict	0		
GCF_019693215.1	CLC_F_strict	0		
GCF_019704315.1	CLC_F_strict	0		
GCF_019823105.1	CLC_F_strict	0		
GCF_019879105.1	CLC_F_strict	0		
GCF_019880225.1	CLC_F_strict	0		
GCF_019880245.1	CLC_F_strict	0		
GCF_019931065.1	CLC_F_strict	0		
GCF_020097815.1	CLC_F_strict	0		
GCF_020097835.1	CLC_F_strict	0		
GCF_020148105.1	CLC_F_strict	0		
GCF_020150815.1	CLC_F_strict	0		
GCF_020177375.1	CLC_F_strict	0		
GCF_020217425.1	CLC_F_strict	0		
GCF_020386975.1	CLC_F_strict	0		
GCF_020405185.1	CLC_F_strict	0		
GCF_020405205.1	CLC_F_strict	0		
GCF_020405225.1	CLC_F_strict	0		
GCF_020515625.1	CLC_F_strict	0		
GCF_020567425.1	CLC_F_strict	0		
GCF_020567525.1	CLC_F_strict	0		
GCF_020614395.1	CLC_F_strict	0		
GCF_020696975.1	CLC_F_strict	0		
GCF_020804225.1	CLC_F_strict	0		
GCF_020886315.1	CLC_F_strict	0		
GCF_021023085.1	CLC_F_strict	1	346.4	WP_230742423.1
GCF_021028995.1	CLC_F_strict	0		
GCF_021184045.1	CLC_F_strict	0		
GCF_021233415.1	CLC_F_strict	0		
GCF_021233435.1	CLC_F_strict	0		
GCF_021249345.1	CLC_F_strict	0		
GCF_021249405.1	CLC_F_strict	0		
GCF_021431925.1	CLC_F_strict	0		
GCF_021655615.1	CLC_F_strict	0		
GCF_022014235.1	CLC_F_strict	0		
GCF_022064045.1	CLC_F_strict	0		
GCF_022693705.1	CLC_F_strict	0		
GCF_022768985.1	CLC_F_strict	0		
GCF_022869805.1	CLC_F_strict	0		
GCF_023008545.1	CLC_F_strict	0		
GCF_023016325.1	CLC_F_strict	0		
GCF_023028105.1	CLC_F_strict	0		
GCF_023028225.1	CLC_F_strict	0		
GCF_023074835.1	CLC_F_strict	0		
GCF_023093535.1	CLC_F_strict	0		
GCF_023115355.1	CLC_F_strict	0		
GCF_023167465.1	CLC_F_strict	0		
GCF_023169545.1	CLC_F_strict	0		
GCF_023195915.1	CLC_F_strict	0		
GCF_023204835.1	CLC_F_strict	0		
GCF_023227715.1	CLC_F_strict	0		
GCF_023227875.1	CLC_F_strict	0		
GCF_023238205.1	CLC_F_strict	0		
GCF_023238445.1	CLC_F_strict	0		
GCF_023256255.1	CLC_F_strict	0		
GCF_023256325.1	CLC_F_strict	0		
GCF_023256435.1	CLC_F_strict	0		
GCF_023276355.1	CLC_F_strict	0		
GCF_023566055.1	CLC_F_strict	0		
GCF_023617305.1	CLC_F_strict	0		
GCF_023638035.1	CLC_F_strict	0		
GCF_023638055.1	CLC_F_strict	0		
GCF_023684405.1	CLC_F_strict	0		
GCF_023698535.1	CLC_F_strict	0		
GCF_023699475.1	CLC_F_strict	0		
GCF_023702065.1	CLC_F_strict	0		
GCF_023702125.1	CLC_F_strict	0		
GCF_023703775.1	CLC_F_strict	0		
GCF_023703795.1	CLC_F_strict	0		
GCF_023746595.1	CLC_F_strict	0		
GCF_023913515.1	CLC_F_strict	0		
GCF_023973145.1	CLC_F_strict	0		
GCF_024022995.1	CLC_F_strict	0		
GCF_024054535.1	CLC_F_strict	0		
GCF_024138125.1	CLC_F_strict	0		
GCF_024138145.1	CLC_F_strict	0		
GCF_024138165.1	CLC_F_strict	0		
GCF_024170505.1	CLC_F_strict	0		
GCF_024178165.1	CLC_F_strict	0		
GCF_024204665.1	CLC_F_strict	0		
GCF_024218775.1	CLC_F_strict	0		
GCF_024227435.1	CLC_F_strict	0		
GCF_024227715.1	CLC_F_strict	0		
GCF_024228315.1	CLC_F_strict	0		
GCF_024228675.1	CLC_F_strict	0		
GCF_024296665.1	CLC_F_strict	0		
GCF_024296685.1	CLC_F_strict	0		
GCF_024298825.1	CLC_F_strict	0		
GCF_024298845.1	CLC_F_strict	0		
GCF_024298905.1	CLC_F_strict	0		
GCF_024300625.1	CLC_F_strict	0		
GCF_024300825.1	CLC_F_strict	0		
GCF_024362485.1	CLC_F_strict	0		
GCF_024362525.1	CLC_F_strict	0		
GCF_024372725.1	CLC_F_strict	0		
GCF_024372745.1	CLC_F_strict	0		
GCF_024449025.1	CLC_F_strict	0		
GCF_024464185.1	CLC_F_strict	0		
GCF_024464595.1	CLC_F_strict	0		
GCF_024464655.1	CLC_F_strict	0		
GCF_024490875.1	CLC_F_strict	0		
GCF_024494575.1	CLC_F_strict	0		
GCF_024494595.1	CLC_F_strict	0		
GCF_024494645.1	CLC_F_strict	0		
GCF_024494685.1	CLC_F_strict	0		
GCF_024494725.1	CLC_F_strict	0		
GCF_024495425.1	CLC_F_strict	0		
GCF_024498175.1	CLC_F_strict	0		
GCF_024498195.1	CLC_F_strict	0		
GCF_024500045.1	CLC_F_strict	0		
GCF_024508235.1	CLC_F_strict	0		
GCF_024518575.1	CLC_F_strict	0		
GCF_024609245.1	CLC_F_strict	0		
GCF_024662215.1	CLC_F_strict	0		
GCF_024707485.1	CLC_F_strict	0		
GCF_024807035.1	CLC_F_strict	0		
GCF_024807655.1	CLC_F_strict	0		
GCF_024808815.1	CLC_F_strict	0		
GCF_024972735.1	CLC_F_strict	0		
GCF_024972755.1	CLC_F_strict	0		
GCF_025231485.1	CLC_F_strict	0		
GCF_025384765.1	CLC_F_strict	0		
GCF_025397995.1	CLC_F_strict	0		
GCF_025399835.1	CLC_F_strict	0		
GCF_025457605.1	CLC_F_strict	0		
GCF_025517485.1	CLC_F_strict	0		
GCF_025517525.1	CLC_F_strict	0		
GCF_025517535.1	CLC_F_strict	0		
GCF_025629245.1	CLC_F_strict	0		
GCF_025641885.1	CLC_F_strict	0		
GCF_025698945.1	CLC_F_strict	0		
GCF_025699065.1	CLC_F_strict	0		
GCF_025699125.1	CLC_F_strict	0		
GCF_025699255.1	CLC_F_strict	0		
GCF_025913575.1	CLC_F_strict	0		
GCF_025998175.1	CLC_F_strict	0		
GCF_026000775.1	CLC_F_strict	0		
GCF_026242195.1	CLC_F_strict	0		
GCF_026248685.1	CLC_F_strict	0		
GCF_026586625.1	CLC_F_strict	0		
GCF_026586665.1	CLC_F_strict	0		
GCF_026586675.1	CLC_F_strict	0		
GCF_026616195.1	CLC_F_strict	0		
GCF_026616205.1	CLC_F_strict	0		
GCF_026684035.1	CLC_F_strict	0		
GCF_026768455.1	CLC_F_strict	0		
GCF_026891935.1	CLC_F_strict	0		
GCF_026891975.1	CLC_F_strict	0		
GCF_026988555.1	CLC_F_strict	0		
GCF_027011145.1	CLC_F_strict	0		
GCF_027023865.1	CLC_F_strict	0		
GCF_027052235.1	CLC_F_strict	0		
GCF_027257195.1	CLC_F_strict	0		
GCF_028278985.1	CLC_F_strict	0		
GCF_028693135.1	CLC_F_strict	0		
GCF_028702905.1	CLC_F_strict	0		
GCF_028712425.1	CLC_F_strict	0		
GCF_028890305.1	CLC_F_strict	0		
GCF_029167205.1	CLC_F_strict	0		
GCF_029207735.1	CLC_F_strict	0		
GCF_029229925.1	CLC_F_strict	0		
GCF_029232205.1	CLC_F_strict	0		
GCF_029278565.1	CLC_F_strict	0		
GCF_029338195.1	CLC_F_strict	0		
GCF_029338255.1	CLC_F_strict	0		
GCF_029338275.1	CLC_F_strict	0		
GCF_029338295.1	CLC_F_strict	0		
GCF_029338355.1	CLC_F_strict	0		
GCF_029338375.1	CLC_F_strict	0		
GCF_029338395.1	CLC_F_strict	0		
GCF_029338515.1	CLC_F_strict	0		
GCF_029338555.1	CLC_F_strict	0		
GCF_029490015.1	CLC_F_strict	0		
GCF_029502005.1	CLC_F_strict	0		
GCF_029633915.1	CLC_F_strict	0		
GCF_029633965.1	CLC_F_strict	0		
GCF_029688845.1	CLC_F_strict	0		
GCF_029688865.1	CLC_F_strict	0		
GCF_029848115.1	CLC_F_strict	0		
GCF_029854155.1	CLC_F_strict	0		
GCF_029872365.1	CLC_F_strict	0		
GCF_029882185.1	CLC_F_strict	0		
GCF_029889805.1	CLC_F_strict	0		
GCF_030019085.1	CLC_F_strict	0		
GCF_030055425.1	CLC_F_strict	0		
GCF_030055435.1	CLC_F_strict	0		
GCF_030055635.1	CLC_F_strict	0		
GCF_030068615.1	CLC_F_strict	0		
GCF_030127105.1	CLC_F_strict	0		
GCF_030127145.1	CLC_F_strict	0		
GCF_030127165.1	CLC_F_strict	0		
GCF_030186535.1	CLC_F_strict	0		
GCF_030273315.1	CLC_F_strict	0		
GCF_030287405.1	CLC_F_strict	0		
GCF_030323845.1	CLC_F_strict	0		
GCF_030464345.1	CLC_F_strict	0		
GCF_030464365.1	CLC_F_strict	0		
GCF_030539665.1	CLC_F_strict	0		
GCF_030539875.1	CLC_F_strict	0		
GCF_030553305.1	CLC_F_strict	0		
GCF_030655665.1	CLC_F_strict	0		
GCF_030682845.1	CLC_F_strict	0		
GCF_030734285.1	CLC_F_strict	0		
GCF_030848565.1	CLC_F_strict	0		
GCF_030848575.1	CLC_F_strict	0		
GCF_031200575.1	CLC_F_strict	0		
GCF_031312535.1	CLC_F_strict	0		
GCF_031312595.1	CLC_F_strict	0		
GCF_031432215.1	CLC_F_strict	0		
GCF_031454185.1	CLC_F_strict	0		
GCF_031461075.1	CLC_F_strict	0		
GCF_031624315.1	CLC_F_strict	0		
GCF_031624395.1	CLC_F_strict	0		
GCF_031624495.1	CLC_F_strict	0		
GCF_031624635.1	CLC_F_strict	0		
GCF_031823395.1	CLC_F_strict	0		
GCF_032116555.1	CLC_F_strict	0		
GCF_036323395.1	CLC_F_strict	0		
GCF_036429475.1	CLC_F_strict	0		
GCF_037081775.1	CLC_F_strict	0		
GCF_037198285.1	CLC_F_strict	0		
GCF_037996645.1	CLC_F_strict	0		
GCF_038751955.1	CLC_F_strict	0		
GCF_038871235.1	CLC_F_strict	0		
GCF_039522665.1	CLC_F_strict	0		
GCF_041205745.1	CLC_F_strict	0		
GCF_041361345.1	CLC_F_strict	0		
GCF_041361465.1	CLC_F_strict	0		
GCF_041447285.1	CLC_F_strict	0		
GCF_041477585.1	CLC_F_strict	0		
GCF_041645475.1	CLC_F_strict	0		
GCF_041647995.1	CLC_F_strict	0		
GCF_041663825.1	CLC_F_strict	0		
GCF_041821085.1	CLC_F_strict	0		
GCF_041821145.1	CLC_F_strict	0		
GCF_041859935.1	CLC_F_strict	0		
GCF_900079115.1	CLC_F_strict	0		
GCF_900083515.1	CLC_F_strict	0		
GCF_900095295.1	CLC_F_strict	0		
GCF_900095385.1	CLC_F_strict	0		
GCF_900100335.1	CLC_F_strict	0		
GCF_900100385.1	CLC_F_strict	0		
GCF_900100715.1	CLC_F_strict	0		
GCF_900100875.1	CLC_F_strict	0		
GCF_900102375.1	CLC_F_strict	0		
GCF_900103415.1	CLC_F_strict	0		
GCF_900103505.1	CLC_F_strict	0		
GCF_900103715.1	CLC_F_strict	0		
GCF_900104065.1	CLC_F_strict	0		
GCF_900107195.1	CLC_F_strict	0		
GCF_900107205.1	CLC_F_strict	0		
GCF_900107665.1	CLC_F_strict	0		
GCF_900108095.1	CLC_F_strict	0		
GCF_900108505.1	CLC_F_strict	0		
GCF_900110215.1	CLC_F_strict	0		
GCF_900110455.1	CLC_F_strict	0		
GCF_900110535.1	CLC_F_strict	0		
GCF_900110865.1	CLC_F_strict	0		
GCF_900111485.1	CLC_F_strict	0		
GCF_900111645.1	CLC_F_strict	0		
GCF_900111935.1	CLC_F_strict	0		
GCF_900112175.1	CLC_F_strict	0		
GCF_900112205.1	CLC_F_strict	0		
GCF_900113245.1	CLC_F_strict	0		
GCF_900113615.1	CLC_F_strict	0		
GCF_900114435.1	CLC_F_strict	0		
GCF_900114455.1	CLC_F_strict	0		
GCF_900114585.1	CLC_F_strict	0		
GCF_900114835.1	CLC_F_strict	0		
GCF_900115675.1	CLC_F_strict	0		
GCF_900115785.1	CLC_F_strict	0		
GCF_900116205.1	CLC_F_strict	0		
GCF_900129775.1	CLC_F_strict	0		
GCF_900143675.1	CLC_F_strict	0		
GCF_900156475.1	CLC_F_strict	0		
GCF_900167955.1	CLC_F_strict	0		
GCF_900176435.1	CLC_F_strict	0		
GCF_900177045.1	CLC_F_strict	0		
GCF_900182635.1	CLC_F_strict	0		
GCF_900188065.1	CLC_F_strict	0		
GCF_900198835.1	CLC_F_strict	0		
GCF_900215215.1	CLC_F_strict	0		
GCF_900215575.1	CLC_F_strict	0		
GCF_900248165.1	CLC_F_strict	0		
GCF_900314615.1	CLC_F_strict	0		
GCF_900314695.1	CLC_F_strict	0		
GCF_900696045.1	CLC_F_strict	0		
GCF_900774055.1	CLC_F_strict	0		
GCF_900880625.1	CLC_F_strict	0		
GCF_901686465.1	CLC_F_strict	0		
GCF_902764455.1	CLC_F_strict	0		
GCF_902771225.1	CLC_F_strict	0		
GCF_902774605.1	CLC_F_strict	0		
GCF_902784195.1	CLC_F_strict	0		
GCF_902785855.1	CLC_F_strict	0		
GCF_902788255.1	CLC_F_strict	0		
GCF_902827225.1	CLC_F_strict	0		
GCF_904067545.1	CLC_F_strict	0		
GCF_905235195.1	CLC_F_strict	0		
GCF_934746965.1	CLC_F_strict	0		
GCF_937881195.1	CLC_F_strict	0		
GCF_937898925.1	CLC_F_strict	0		
GCF_937919355.1	CLC_F_strict	0		
GCF_946463545.1	CLC_F_strict	0		
GCF_963082495.1	CLC_F_strict	0		
GCF_963457545.1	CLC_F_strict	0		
GCF_963662735.1	CLC_F_strict	0		
GCF_963665055.1	CLC_F_strict	0		
GCF_963665675.1	CLC_F_strict	0		
GCF_963666025.1	CLC_F_strict	0		
GCF_963667555.1	CLC_F_strict	0		
GCF_963667735.1	CLC_F_strict	0		
GCF_963667985.1	CLC_F_strict	0		
GCF_963668475.1	CLC_F_strict	0		
GCF_963677065.1	CLC_F_strict	0		
GCF_963678545.1	CLC_F_strict	0		
GCF_963678795.1	CLC_F_strict	0		
