genome_id	n_proteins	mode	source
GCA_000402515.1	1342	single	prodigal
GCA_002010065.2	2246	single	prodigal
GCA_002010075.1	1549	single	prodigal
GCA_002010305.1	2389	single	prodigal
GCA_002011035.2	1881	single	prodigal
GCA_002011085.2	1613	single	prodigal
GCA_002011125.2	2427	single	prodigal
GCA_002011155.2	1711	single	prodigal
GCA_002011395.1	1423	single	prodigal
GCA_002494765.1	1713	single	prodigal
GCA_002495235.1	1201	single	prodigal
GCA_002495315.1	1707	single	prodigal
GCA_002495465.1	759	single	prodigal
GCA_002495885.1	1866	single	prodigal
GCA_002498125.1	1567	single	prodigal
GCA_002499185.1	1194	single	prodigal
GCA_002499405.1	886	single	prodigal
GCA_002502135.1	842	single	prodigal
GCA_002502685.1	1045	single	prodigal
GCA_002505945.1	1128	single	prodigal
GCA_002506535.1	2294	single	prodigal
GCA_002507085.1	1025	single	prodigal
GCA_003139855.1	2309	single	prodigal
GCA_003230355.1	1626	single	prodigal
GCA_003551125.1	511	single	prodigal
GCA_003551675.1	2082	single	prodigal
GCA_003553825.1	594	single	prodigal
GCA_003553905.1	823	single	prodigal
GCA_003554845.1	742	single	prodigal
GCA_003555395.1	1958	single	prodigal
GCA_003555465.1	761	single	prodigal
GCA_003558235.1	910	single	prodigal
GCA_003558335.1	1676	single	prodigal
GCA_003561665.1	2347	single	prodigal
GCA_003564925.1	1072	single	prodigal
GCA_005191415.1	3768	single	prodigal
GCA_005191425.1	3286	single	prodigal
GCA_005954745.1	3970	single	prodigal
GCA_007116645.1	1123	single	prodigal
GCA_007117065.1	1090	single	prodigal
GCA_007117735.1	798	single	prodigal
GCA_007118075.1	2073	single	prodigal
GCA_007118145.1	1855	single	prodigal
GCA_007118975.1	3617	single	prodigal
GCA_007122875.1	1999	single	prodigal
GCA_007123105.1	2030	single	prodigal
GCA_007131205.1	1136	single	prodigal
GCA_009392915.1	864	single	prodigal
GCA_009889585.1	2286	single	prodigal
GCA_009903775.1	1600	single	prodigal
GCA_011523055.1	1321	single	prodigal
GCA_011620765.1	1409	single	prodigal
GCA_013378385.1	1153	single	prodigal
GCA_014240455.1	581	single	prodigal
GCA_015519985.1	990	single	prodigal
GCA_015520145.1	2180	single	prodigal
GCA_015520265.1	1931	single	prodigal
GCA_015520395.1	1798	single	prodigal
GCA_015520475.1	1787	single	prodigal
GCA_015520525.1	810	single	prodigal
GCA_015520565.1	1698	single	prodigal
GCA_015520605.1	933	single	prodigal
GCA_015520785.1	776	single	prodigal
GCA_015521325.1	1878	single	prodigal
GCA_015521535.1	495	single	prodigal
GCA_015521735.1	2184	single	prodigal
GCA_015521825.1	623	single	prodigal
GCA_015522145.1	417	single	prodigal
GCA_015522495.1	441	single	prodigal
GCA_015522695.1	1435	single	prodigal
GCA_015522745.1	643	single	prodigal
GCA_015522765.1	1055	single	prodigal
GCA_015522845.1	931	single	prodigal
GCA_015522865.1	752	single	prodigal
GCA_015523085.1	549	single	prodigal
GCA_015523545.1	1218	single	prodigal
GCA_015523565.1	3348	single	prodigal
GCA_015523685.1	2070	single	prodigal
GCA_015660865.1	1930	single	prodigal
GCA_015660915.1	2234	single	prodigal
GCA_015660995.1	1785	single	prodigal
GCA_015661395.1	2448	single	prodigal
GCA_016292335.1	2112	single	prodigal
GCA_016294985.1	1843	single	prodigal
GCA_016839265.1	1413	single	prodigal
GCA_016839365.1	2302	single	prodigal
GCA_016839805.1	2315	single	prodigal
GCA_016840315.1	1678	single	prodigal
GCA_016840405.1	2702	single	prodigal
GCA_016840425.1	2344	single	prodigal
GCA_016840465.1	2518	single	prodigal
GCA_016845225.1	794	single	prodigal
GCA_017608025.1	850	single	prodigal
GCA_017608045.1	894	single	prodigal
GCA_017608235.1	1583	single	prodigal
GCA_017608345.1	1135	single	prodigal
GCA_017608385.1	888	single	prodigal
GCA_017608505.1	1062	single	prodigal
GCA_017608625.1	741	single	prodigal
GCA_017608775.1	593	single	prodigal
GCA_017609105.1	799	single	prodigal
GCA_017609245.1	837	single	prodigal
GCA_017609385.1	1337	single	prodigal
GCA_017609465.1	999	single	prodigal
GCA_017609605.1	955	single	prodigal
GCA_017609985.1	1282	single	prodigal
GCA_017609995.1	766	single	prodigal
GCA_017610005.1	1682	single	prodigal
GCA_017610205.1	1527	single	prodigal
GCA_017610305.1	1378	single	prodigal
GCA_017610325.1	1291	single	prodigal
GCA_017610385.1	868	single	prodigal
GCA_017610545.1	1149	single	prodigal
GCA_017885655.1	2396	single	prodigal
GCA_018260615.1	2181	single	prodigal
GCA_018260755.1	1281	single	prodigal
GCA_018399355.1	1135	single	prodigal
GCA_018609855.1	821	single	prodigal
GCA_019056805.1	1920	single	prodigal
GCA_019057635.1	3163	single	prodigal
GCA_019057675.1	1964	single	prodigal
GCA_019057815.1	3335	single	prodigal
GCA_019594305.1	2043	single	prodigal
GCA_020052545.1	1389	single	prodigal
GCA_020057295.1	1227	single	prodigal
GCA_020057405.1	1317	single	prodigal
GCA_020057445.1	1816	single	prodigal
GCA_020696385.1	1888	single	prodigal
GCA_020697715.1	1752	single	prodigal
GCA_020723045.1	834	single	prodigal
GCA_020723065.1	689	single	prodigal
GCA_020723935.1	1329	single	prodigal
GCA_021324115.1	2278	single	prodigal
GCA_021324265.1	1573	single	prodigal
GCA_021790425.1	2310	single	prodigal
GCA_021791655.1	936	single	prodigal
GCA_021792255.1	1601	single	prodigal
GCA_021800035.1	2277	single	prodigal
GCA_021800365.1	968	single	prodigal
GCA_021806165.1	1939	single	prodigal
GCA_021809545.1	1748	single	prodigal
GCA_021810045.1	2497	single	prodigal
GCA_021812145.1	868	single	prodigal
GCA_021813385.1	1924	single	prodigal
GCA_021817565.1	825	single	prodigal
GCA_021817605.1	1692	single	prodigal
GCA_021818905.1	1109	single	prodigal
GCA_021818925.1	849	single	prodigal
GCA_021823945.1	1281	single	prodigal
GCA_022572525.1	729	single	prodigal
GCA_022729255.1	1024	single	prodigal
GCA_022729315.1	1321	single	prodigal
GCA_022729335.1	948	single	prodigal
GCA_023246445.1	1057	single	prodigal
GCA_023246885.1	942	single	prodigal
GCA_023247085.1	986	single	prodigal
GCA_023252215.1	1644	single	prodigal
GCA_023255615.1	1612	single	prodigal
GCA_023256295.1	868	single	prodigal
GCA_023261755.1	1275	single	prodigal
GCA_023261845.1	1316	single	prodigal
GCA_023264635.1	1395	single	prodigal
GCA_023265395.1	2165	single	prodigal
GCA_023266675.1	1452	single	prodigal
GCA_023266955.1	2198	single	prodigal
GCA_023267855.1	1495	single	prodigal
GCA_023269235.1	2060	single	prodigal
GCA_023659865.1	743	single	prodigal
GCA_024274695.1	994	single	prodigal
GCA_024274875.1	921	single	prodigal
GCA_024275655.1	879	single	prodigal
GCA_024275665.1	825	single	prodigal
GCA_024276795.1	2650	single	prodigal
GCA_024276825.1	2808	single	prodigal
GCA_024277205.1	827	single	prodigal
GCA_024277315.1	1328	single	prodigal
GCA_024277355.1	1271	single	prodigal
GCA_024281315.1	1629	single	prodigal
GCA_026058435.1	666	single	prodigal
GCA_026985775.1	856	single	prodigal
GCA_026986305.1	1245	single	prodigal
GCA_026986575.1	2095	single	prodigal
GCA_026989875.1	1720	single	prodigal
GCA_026993785.1	1730	single	prodigal
GCA_026993975.1	2411	single	prodigal
GCA_026997215.1	1119	single	prodigal
GCA_027002875.1	1926	single	prodigal
GCA_027006785.1	1315	single	prodigal
GCA_027007025.1	815	single	prodigal
GCA_027011045.1	864	single	prodigal
GCA_027016915.1	2126	single	prodigal
GCA_027017165.1	1794	single	prodigal
GCA_027021185.1	2046	single	prodigal
GCA_027030065.1	2164	single	prodigal
GCA_027038505.1	926	single	prodigal
GCA_027038805.1	2142	single	prodigal
GCA_027046625.1	761	single	prodigal
GCA_027051165.1	2829	single	prodigal
GCA_027051265.1	1751	single	prodigal
GCA_027058345.1	1306	single	prodigal
GCA_027061945.1	2877	single	prodigal
GCA_027064225.1	859	single	prodigal
GCA_027064425.1	1653	single	prodigal
GCA_027068385.1	980	single	prodigal
GCA_027076285.1	1170	single	prodigal
GCA_027077325.1	970	single	prodigal
GCA_027077895.1	804	single	prodigal
GCA_027078545.1	1279	single	prodigal
GCA_027083135.1	1941	single	prodigal
GCA_027310605.1	956	single	prodigal
GCA_027491455.1	2329	single	prodigal
GCA_027491845.1	1627	single	prodigal
GCA_027491935.1	529	single	prodigal
GCA_027492035.1	1890	single	prodigal
GCA_028275385.1	1305	single	prodigal
GCA_028279585.1	2986	single	prodigal
GCA_028279595.1	1788	single	prodigal
GCA_028279645.1	1806	single	prodigal
GCA_028279685.1	2111	single	prodigal
GCA_028279705.1	2080	single	prodigal
GCA_028279725.1	1410	single	prodigal
GCA_028279745.1	1452	single	prodigal
GCA_028279755.1	1501	single	prodigal
GCA_028279805.1	928	single	prodigal
GCA_028279825.1	1174	single	prodigal
GCA_029258735.1	1603	single	prodigal
GCA_029258755.1	1340	single	prodigal
GCA_029258795.1	1210	single	prodigal
GCA_029258825.1	844	single	prodigal
GCA_029258885.1	2156	single	prodigal
GCA_029258915.1	1784	single	prodigal
GCA_029258925.1	1907	single	prodigal
GCA_029259155.1	1745	single	prodigal
GCA_029259185.1	1428	single	prodigal
GCA_029259285.1	1618	single	prodigal
GCA_029259355.1	1980	single	prodigal
GCA_029460375.1	1269	single	prodigal
GCA_029547605.1	2366	single	prodigal
GCA_029775855.1	1594	single	prodigal
GCA_029775915.1	1530	single	prodigal
GCA_029775925.1	1538	single	prodigal
GCA_029775955.1	1977	single	prodigal
GCA_029775965.1	1885	single	prodigal
GCA_029775995.1	2114	single	prodigal
GCA_029776065.1	1849	single	prodigal
GCA_029856045.1	3115	single	prodigal
GCA_029856055.1	1659	single	prodigal
GCA_029856525.1	1440	single	prodigal
GCA_029856615.1	1987	single	prodigal
GCA_029856635.1	1948	single	prodigal
GCA_029856685.1	1971	single	prodigal
GCA_029932465.1	1639	single	prodigal
GCA_029932645.1	823	single	prodigal
GCA_029932835.1	929	single	prodigal
GCA_029934005.1	1623	single	prodigal
GCA_029940695.1	1245	single	prodigal
GCA_029941175.1	1073	single	prodigal
GCA_030036955.1	3002	single	prodigal
GCA_030041355.1	3077	single	prodigal
GCA_030149205.1	3020	single	prodigal
GCA_030550585.1	1888	single	prodigal
GCA_030590165.1	909	single	prodigal
GCA_030590605.1	1331	single	prodigal
GCA_030593295.1	1971	single	prodigal
GCA_030594205.1	1675	single	prodigal
GCA_030594725.1	2610	single	prodigal
GCA_030594795.1	1411	single	prodigal
GCA_030595715.1	2497	single	prodigal
GCA_030595765.1	2144	single	prodigal
GCA_030597775.1	2694	single	prodigal
GCA_030601715.1	1559	single	prodigal
GCA_030602675.1	3129	single	prodigal
GCA_030602965.1	1801	single	prodigal
GCA_030603445.1	1713	single	prodigal
GCA_030604065.1	1589	single	prodigal
GCA_030604085.1	2231	single	prodigal
GCA_030605245.1	1325	single	prodigal
GCA_030605385.1	1927	single	prodigal
GCA_030605805.1	2106	single	prodigal
GCA_030606485.1	3518	single	prodigal
GCA_030606525.1	1446	single	prodigal
GCA_030608565.1	1926	single	prodigal
GCA_030610945.1	1200	single	prodigal
GCA_030611045.1	1795	single	prodigal
GCA_030613185.1	4377	single	prodigal
GCA_030614005.1	3389	single	prodigal
GCA_030615175.1	1207	single	prodigal
GCA_030619735.1	2008	single	prodigal
GCA_030622515.1	1107	single	prodigal
GCA_030629105.1	2912	single	prodigal
GCA_030630685.1	2385	single	prodigal
GCA_030631505.1	1249	single	prodigal
GCA_030633635.1	1085	single	prodigal
GCA_030638685.1	2270	single	prodigal
GCA_030640025.1	1447	single	prodigal
GCA_030642125.1	824	single	prodigal
GCA_030669205.1	1105	single	prodigal
GCA_030670545.1	1541	single	prodigal
GCA_030672365.1	1236	single	prodigal
GCA_030673205.1	2065	single	prodigal
GCA_031961865.1	1289	single	prodigal
GCA_036171435.1	1132	single	prodigal
GCA_036677555.1	1981	single	prodigal
GCA_036733165.1	1783	single	prodigal
GCA_036795795.1	2227	single	prodigal
GCA_036826255.1	855	single	prodigal
GCA_037439845.1	910	single	prodigal
GCA_037440825.1	978	single	prodigal
GCA_037441475.1	825	single	prodigal
GCA_037442405.1	1631	single	prodigal
GCA_037442745.1	1228	single	prodigal
GCA_037442865.1	1268	single	prodigal
GCA_037442905.1	1013	single	prodigal
GCA_037443105.1	1927	single	prodigal
GCA_037444485.1	972	single	prodigal
GCA_037444945.1	1280	single	prodigal
GCA_037917635.1	1489	single	prodigal
GCA_037917675.1	1934	single	prodigal
GCA_037917685.1	1922	single	prodigal
GCA_038128845.1	571	single	prodigal
GCA_039793485.1	1602	single	prodigal
GCA_039793985.1	1298	single	prodigal
GCA_039794045.1	701	single	prodigal
GCA_040776945.1	2150	single	prodigal
GCA_041305345.1	1300	single	prodigal
GCA_041305385.1	1623	single	prodigal
GCA_041305945.1	3498	single	prodigal
GCA_041306005.1	1569	single	prodigal
GCA_041306075.1	1890	single	prodigal
GCA_041479945.1	1430	single	prodigal
GCA_041480025.1	1637	single	prodigal
GCA_041485285.1	2730	single	prodigal
GCA_041489255.1	2464	single	prodigal
GCA_041494275.1	1674	single	prodigal
GCA_041499475.1	2519	single	prodigal
GCA_041500425.1	2178	single	prodigal
GCA_041500865.1	1127	single	prodigal
GCA_041599855.1	4204	single	prodigal
GCA_041601615.1	2797	single	prodigal
GCA_041641295.1	1634	single	prodigal
GCA_041641305.1	1819	single	prodigal
GCA_902812485.1	2414	single	prodigal
GCA_903828955.1	1245	single	prodigal
GCA_903842985.1	1039	single	prodigal
GCA_903851445.1	1165	single	prodigal
GCA_903884505.1	1555	single	prodigal
GCA_903893865.1	1075	single	prodigal
GCA_903904885.1	1457	single	prodigal
GCA_903907555.1	1379	single	prodigal
GCA_903915225.1	1945	single	prodigal
GCA_903916665.1	1071	single	prodigal
GCA_937138345.1	2130	single	prodigal
GCA_937892815.1	1766	single	prodigal
GCA_937898665.1	2305	single	prodigal
GCA_937906345.1	1819	single	prodigal
GCA_937912225.1	1826	single	prodigal
GCA_937934305.1	1743	single	prodigal
GCA_938004075.1	2121	single	prodigal
GCA_938029515.1	1338	single	prodigal
GCA_938030905.1	989	single	prodigal
GCA_938034445.1	1993	single	prodigal
GCA_938042195.1	1352	single	prodigal
GCA_938074535.1	1357	single	prodigal
GCA_938083505.1	1302	single	prodigal
GCA_938091495.1	1645	single	prodigal
GCA_943788655.1	1746	single	prodigal
GCA_949372875.1	1783	single	prodigal
GCA_963578705.1	1206	single	prodigal
GCA_963676045.1	1647	single	prodigal
GCA_963932585.1	1167	single	prodigal
GCA_963999255.1	1026	single	prodigal
GCA_964012725.1	1001	single	prodigal
